trial_id,density,column,start_x_frac,goal_x_frac,seed,start_x,start_y,goal_x,goal_y,aorrt_reached,K_edges,control_cost_aorrt,control_cost_scp,control_cost_pct_decrease,risk_cost_aorrt,risk_cost_scp,risk_cost_pct_decrease,log_survive_aorrt,log_survive_scp,log_survive_delta,scp_converged,scp_iters,scp_n_solves,scp_stop_reason,plan_time_s,scp_time_s,total_time_s
5_L_299673,5,L,0.15,0.85,299673,0.9,0.78,5.1,5.22,True,151,12.763559,13.982866,9.553,52.167557,31.198684,-40.195,-49.831,-19.9049,29.9261,False,30,41,max_iters,14.7077,72.9866,88.7331
5_L_926314,5,L,0.15,0.85,926314,0.9,0.78,5.1,5.22,True,72,27.007547,19.551213,-27.608,35.307072,18.240786,-48.337,-43.5798,-13.4834,30.0964,False,30,42,max_iters,12.6683,40.6977,53.9792
5_L_381668,5,L,0.15,0.85,381668,0.9,0.78,5.1,5.22,True,84,43.081791,36.566934,-15.122,45.428895,39.465404,-13.127,-52.0669,-41.3751,10.6918,False,30,42,max_iters,11.4903,44.281,56.4016
5_L_37366,5,L,0.15,0.85,37366,0.9,0.78,5.1,5.22,False,,,,,,,,,,,,,,,12.8461,,13.0427
5_L_261966,5,L,0.15,0.85,261966,0.9,0.78,5.1,5.22,False,,,,,,,,,,,,,,,12.9209,,13.114
5_L_800712,5,L,0.15,0.85,800712,0.9,0.78,5.1,5.22,True,96,17.283822,17.102636,-1.048,47.928848,35.765354,-25.378,-56.0175,-35.4657,20.5518,False,30,40,max_iters,14.0351,45.1189,59.8217
5_L_358831,5,L,0.15,0.85,358831,0.9,0.78,5.1,5.22,True,49,22.254659,19.8475,-10.816,34.216851,29.509272,-13.758,-51.237,-38.956,12.281,False,30,39,max_iters,12.4257,26.2987,39.2047
5_L_487244,5,L,0.15,0.85,487244,0.9,0.78,5.1,5.22,True,54,24.759294,20.593478,-16.825,22.801566,20.359107,-10.712,-22.5127,-19.1883,3.3244,False,30,41,max_iters,12.2108,30.7774,43.5258
5_L_813857,5,L,0.15,0.85,813857,0.9,0.78,5.1,5.22,False,,,,,,,,,,,,,,,12.2001,,12.3973
5_L_137845,5,L,0.15,0.85,137845,0.9,0.78,5.1,5.22,False,,,,,,,,,,,,,,,10.033,,10.2308
5_L_758723,5,L,0.15,0.85,758723,0.9,0.78,5.1,5.22,False,,,,,,,,,,,,,,,10.658,,10.8496
5_L_967016,5,L,0.15,0.85,967016,0.9,0.78,5.1,5.22,True,124,15.966042,18.470452,15.686,38.414386,27.187863,-29.225,-34.0751,-18.9559,15.1193,False,30,40,max_iters,12.2759,57.7421,70.7762
5_L_453353,5,L,0.15,0.85,453353,0.9,0.78,5.1,5.22,True,95,28.400632,26.337203,-7.265,59.324863,55.026073,-7.246,-74.6141,-65.4214,9.1928,False,30,41,max_iters,11.1387,43.1796,54.9702
5_L_59345,5,L,0.15,0.85,59345,0.9,0.78,5.1,5.22,True,103,16.748521,11.137205,-33.503,24.997037,18.608339,-25.558,-17.5486,-10.2398,7.3088,False,30,37,max_iters,11.8703,43.4777,56.0794
5_L_601514,5,L,0.15,0.85,601514,0.9,0.78,5.1,5.22,False,,,,,,,,,,,,,,,11.3908,,11.5827
5_L_866935,5,L,0.15,0.85,866935,0.9,0.78,5.1,5.22,True,78,29.916615,23.785343,-20.495,33.23761,32.249084,-2.974,-32.6145,-31.0686,1.5459,False,30,42,max_iters,10.3186,38.4738,49.403
5_L_98489,5,L,0.15,0.85,98489,0.9,0.78,5.1,5.22,True,84,41.229802,28.09435,-31.859,48.136073,42.900093,-10.877,-62.5033,-48.987,13.5163,False,30,39,max_iters,11.9296,35.8286,48.3694
5_L_281239,5,L,0.15,0.85,281239,0.9,0.78,5.1,5.22,False,,,,,,,,,,,,,,,9.8792,,10.0817
5_L_155272,5,L,0.15,0.85,155272,0.9,0.78,5.1,5.22,True,205,39.345528,25.414805,-35.406,106.146139,79.294181,-25.297,-122.3237,-76.1791,46.1446,False,30,40,max_iters,10.9378,89.2073,101.2579
5_L_281962,5,L,0.15,0.85,281962,0.9,0.78,5.1,5.22,True,169,45.139311,25.141035,-44.303,94.605068,88.604741,-6.343,-108.8952,-98.0965,10.7987,False,30,38,max_iters,11.3382,71.4943,83.7593
5_L_371867,5,L,0.15,0.85,371867,0.9,0.78,5.1,5.22,False,,,,,,,,,,,,,,,12.1284,,12.3147
5_L_494148,5,L,0.15,0.85,494148,0.9,0.78,5.1,5.22,False,,,,,,,,,,,,,,,12.4835,,12.6694
5_C_299673,5,C,0.5,0.5,299673,3.0,0.78,3.0,5.22,True,117,27.648212,23.738752,-14.14,30.249365,21.951966,-27.43,-25.79,-12.5041,13.2859,False,30,41,max_iters,11.2513,52.0557,64.0639
5_C_926314,5,C,0.5,0.5,926314,3.0,0.78,3.0,5.22,True,83,13.38525,10.449262,-21.935,23.883161,16.908766,-29.202,-19.3052,-10.6756,8.6296,False,22,32,trust_floor_rho,11.7571,30.7622,43.139
5_C_381668,5,C,0.5,0.5,381668,3.0,0.78,3.0,5.22,True,86,35.375177,23.019463,-34.928,52.328811,46.123826,-11.858,-62.1974,-51.9069,10.2904,False,16,29,trust_floor_rho,11.7031,28.6193,40.9432
5_C_37366,5,C,0.5,0.5,37366,3.0,0.78,3.0,5.22,True,56,27.42134,16.704416,-39.082,21.05346,18.846451,-10.483,-19.0187,-16.0234,2.9953,False,30,38,max_iters,11.7644,26.9178,39.1867
5_C_261966,5,C,0.5,0.5,261966,3.0,0.78,3.0,5.22,True,99,9.364163,13.732898,46.654,69.176579,49.084975,-29.044,-98.1468,-53.3002,44.8465,False,30,40,max_iters,11.2993,43.9735,55.9442
5_C_800712,5,C,0.5,0.5,800712,3.0,0.78,3.0,5.22,True,42,19.820314,17.489323,-11.761,21.160056,15.917522,-24.776,-23.409,-15.486,7.923,False,30,39,max_iters,11.7922,23.6564,35.8888
5_C_358831,5,C,0.5,0.5,358831,3.0,0.78,3.0,5.22,False,,,,,,,,,,,,,,,11.8554,,12.0393
5_C_487244,5,C,0.5,0.5,487244,3.0,0.78,3.0,5.22,True,59,14.538019,15.638757,7.571,30.188371,25.036745,-17.065,-34.767,-25.0045,9.7624,False,22,33,trust_floor_rho,12.2594,22.0767,34.8629
5_C_813857,5,C,0.5,0.5,813857,3.0,0.78,3.0,5.22,True,53,11.348536,12.688405,11.807,22.980637,16.06184,-30.107,-23.1625,-13.1509,10.0116,False,19,30,trust_floor_rho,11.5897,20.8999,33.0
5_C_137845,5,C,0.5,0.5,137845,3.0,0.78,3.0,5.22,True,57,11.491435,11.749283,2.244,44.956677,35.846648,-20.264,-81.7274,-47.0183,34.709,False,30,41,max_iters,11.9763,27.2934,39.7978
5_C_758723,5,C,0.5,0.5,758723,3.0,0.78,3.0,5.22,True,112,41.864636,30.709883,-26.645,80.589272,64.571555,-19.876,-118.6613,-78.2402,40.421,False,30,39,max_iters,11.3184,49.4022,61.5164
5_C_967016,5,C,0.5,0.5,967016,3.0,0.78,3.0,5.22,True,45,14.322912,13.371021,-6.646,11.385206,10.916102,-4.12,-8.395,-7.8695,0.5255,False,19,31,trust_floor_rho,12.0733,17.5615,30.072
5_C_453353,5,C,0.5,0.5,453353,3.0,0.78,3.0,5.22,False,,,,,,,,,,,,,,,9.3123,,9.4996
5_C_59345,5,C,0.5,0.5,59345,3.0,0.78,3.0,5.22,True,50,15.170658,15.404425,1.541,11.01046,9.635536,-12.487,-7.4598,-5.7557,1.7041,False,26,37,trust_floor_rho,12.1642,22.9778,35.6175
5_C_601514,5,C,0.5,0.5,601514,3.0,0.78,3.0,5.22,False,,,,,,,,,,,,,,,9.9454,,10.1321
5_C_866935,5,C,0.5,0.5,866935,3.0,0.78,3.0,5.22,True,52,24.835596,22.920211,-7.712,23.290047,19.63041,-15.713,-24.2675,-17.992,6.2754,False,30,41,max_iters,11.2906,24.1568,35.909
5_C_98489,5,C,0.5,0.5,98489,3.0,0.78,3.0,5.22,False,,,,,,,,,,,,,,,12.2755,,12.4552
5_C_281239,5,C,0.5,0.5,281239,3.0,0.78,3.0,5.22,True,43,11.690839,11.849524,1.357,21.751469,18.070789,-16.922,-24.4202,-18.5792,5.841,False,26,37,trust_floor_rho,12.2039,19.7702,32.4259
5_C_155272,5,C,0.5,0.5,155272,3.0,0.78,3.0,5.22,False,,,,,,,,,,,,,,,11.56,,11.7535
5_C_281962,5,C,0.5,0.5,281962,3.0,0.78,3.0,5.22,True,80,10.630074,13.111928,23.347,55.388721,45.286537,-18.239,-78.2829,-53.3254,24.9575,False,30,41,max_iters,11.8545,37.6029,50.0638
5_C_371867,5,C,0.5,0.5,371867,3.0,0.78,3.0,5.22,False,,,,,,,,,,,,,,,11.2522,,11.4466
5_C_494148,5,C,0.5,0.5,494148,3.0,0.78,3.0,5.22,True,62,30.594775,33.389141,9.133,27.829051,15.065447,-45.864,-37.5682,-10.5497,27.0185,False,30,40,max_iters,11.5868,28.2332,40.3618
5_R_299673,5,R,0.85,0.15,299673,5.1,0.78,0.9,5.22,True,95,39.905493,33.525415,-15.988,55.896464,24.283635,-56.556,-74.1489,-17.7845,56.3643,False,30,40,max_iters,11.8019,41.396,53.8433
5_R_926314,5,R,0.85,0.15,926314,5.1,0.78,0.9,5.22,False,,,,,,,,,,,,,,,8.8529,,9.0528
5_R_381668,5,R,0.85,0.15,381668,5.1,0.78,0.9,5.22,True,49,21.493805,19.862962,-7.588,27.658236,22.808589,-17.534,-33.5546,-24.1864,9.3682,False,30,40,max_iters,11.3966,20.5556,32.4315
5_R_37366,5,R,0.85,0.15,37366,5.1,0.78,0.9,5.22,True,143,14.315962,20.209412,41.167,50.968472,39.269555,-22.953,-54.363,-32.2636,22.0994,False,30,38,max_iters,12.4824,57.9047,71.214
5_R_261966,5,R,0.85,0.15,261966,5.1,0.78,0.9,5.22,False,,,,,,,,,,,,,,,11.2811,,11.4651
5_R_800712,5,R,0.85,0.15,800712,5.1,0.78,0.9,5.22,False,,,,,,,,,,,,,,,12.5545,,12.7342
5_R_358831,5,R,0.85,0.15,358831,5.1,0.78,0.9,5.22,True,75,39.797907,26.018977,-34.622,54.659601,43.302633,-20.778,-84.7558,-51.2158,33.54,False,30,42,max_iters,10.2846,33.751,44.616
5_R_487244,5,R,0.85,0.15,487244,5.1,0.78,0.9,5.22,True,58,25.274621,19.169346,-24.156,28.998919,27.271289,-5.958,-32.3974,-29.4372,2.9602,False,28,39,trust_floor_rho,11.9567,24.9146,37.4036
5_R_813857,5,R,0.85,0.15,813857,5.1,0.78,0.9,5.22,True,52,22.482863,18.419811,-18.072,24.295762,17.596664,-27.573,-28.6155,-15.216,13.3995,False,30,41,max_iters,12.1238,22.2386,34.8318
5_R_137845,5,R,0.85,0.15,137845,5.1,0.78,0.9,5.22,True,117,16.374941,17.824208,8.851,89.456607,69.535535,-22.269,-147.1074,-85.1614,61.946,False,30,41,max_iters,11.8695,47.3902,59.9955
5_R_758723,5,R,0.85,0.15,758723,5.1,0.78,0.9,5.22,False,,,,,,,,,,,,,,,8.8364,,9.0239
5_R_967016,5,R,0.85,0.15,967016,5.1,0.78,0.9,5.22,False,,,,,,,,,,,,,,,11.1902,,11.3852
5_R_453353,5,R,0.85,0.15,453353,5.1,0.78,0.9,5.22,False,,,,,,,,,,,,,,,11.6618,,11.8514
5_R_59345,5,R,0.85,0.15,59345,5.1,0.78,0.9,5.22,False,,,,,,,,,,,,,,,8.9196,,9.103
5_R_601514,5,R,0.85,0.15,601514,5.1,0.78,0.9,5.22,True,52,27.113931,20.887851,-22.963,22.568561,20.588343,-8.774,-22.6743,-20.1934,2.4808,False,30,41,max_iters,12.2089,23.1203,35.7991
5_R_866935,5,R,0.85,0.15,866935,5.1,0.78,0.9,5.22,True,170,14.757381,15.587149,5.623,90.105157,58.625664,-34.936,-105.3494,-51.8454,53.5041,False,30,42,max_iters,12.2232,78.7657,91.9195
5_R_98489,5,R,0.85,0.15,98489,5.1,0.78,0.9,5.22,True,69,30.886234,23.301199,-24.558,34.352903,29.610297,-13.806,-37.2174,-29.9594,7.258,False,30,40,max_iters,11.5134,33.7944,45.926
5_R_281239,5,R,0.85,0.15,281239,5.1,0.78,0.9,5.22,True,88,41.789305,22.96752,-45.04,43.110846,40.844297,-5.257,-45.6117,-42.0236,3.588,False,30,39,max_iters,12.2458,40.5689,53.4606
5_R_155272,5,R,0.85,0.15,155272,5.1,0.78,0.9,5.22,True,90,34.300831,28.452698,-17.05,59.654888,36.904165,-38.137,-83.8116,-36.627,47.1846,False,30,40,max_iters,13.3652,46.019,60.113
5_R_281962,5,R,0.85,0.15,281962,5.1,0.78,0.9,5.22,True,142,14.398219,20.334294,41.228,106.962439,76.719444,-28.274,-163.6854,-88.5307,75.1547,False,30,40,max_iters,13.3941,65.2815,79.611
5_R_371867,5,R,0.85,0.15,371867,5.1,0.78,0.9,5.22,True,83,20.327642,17.719948,-12.828,35.614529,24.883352,-30.131,-38.4355,-20.6722,17.7633,False,30,39,max_iters,12.633,36.0242,49.3011
5_R_494148,5,R,0.85,0.15,494148,5.1,0.78,0.9,5.22,True,100,42.59376,31.589686,-25.835,65.518451,26.678856,-59.28,-111.3264,-19.5787,91.7478,False,30,39,max_iters,10.7567,44.6839,56.206
6_L_299673,6,L,0.15,0.85,299673,0.9,0.78,5.1,5.22,True,67,17.649337,22.859737,29.522,33.441575,19.481196,-41.746,-38.9897,-15.6475,23.3422,False,30,41,max_iters,10.7171,30.7984,42.0536
6_L_926314,6,L,0.15,0.85,926314,0.9,0.78,5.1,5.22,False,,,,,,,,,,,,,,,11.4172,,11.6052
6_L_381668,6,L,0.15,0.85,381668,0.9,0.78,5.1,5.22,False,,,,,,,,,,,,,,,11.6223,,11.8006
6_L_37366,6,L,0.15,0.85,37366,0.9,0.78,5.1,5.22,False,,,,,,,,,,,,,,,10.0891,,10.2934
6_L_261966,6,L,0.15,0.85,261966,0.9,0.78,5.1,5.22,False,,,,,,,,,,,,,,,12.294,,12.4935
6_L_800712,6,L,0.15,0.85,800712,0.9,0.78,5.1,5.22,True,122,16.561751,18.449247,11.397,48.290913,36.278917,-24.874,-55.1624,-33.6904,21.472,False,30,41,max_iters,13.3866,52.2413,66.4289
6_L_358831,6,L,0.15,0.85,358831,0.9,0.78,5.1,5.22,False,,,,,,,,,,,,,,,9.7748,,9.9582
6_L_487244,6,L,0.15,0.85,487244,0.9,0.78,5.1,5.22,True,76,20.039934,17.844623,-10.955,39.522689,33.979637,-14.025,-46.3654,-35.0662,11.2992,False,30,41,max_iters,12.2311,33.6511,46.4846
6_L_813857,6,L,0.15,0.85,813857,0.9,0.78,5.1,5.22,False,,,,,,,,,,,,,,,11.4919,,11.6834
6_L_137845,6,L,0.15,0.85,137845,0.9,0.78,5.1,5.22,True,61,33.880352,25.659395,-24.265,28.101334,26.375384,-6.142,-28.8778,-26.3144,2.5634,False,30,40,max_iters,10.8966,27.3652,38.7868
6_L_758723,6,L,0.15,0.85,758723,0.9,0.78,5.1,5.22,False,,,,,,,,,,,,,,,11.1065,,11.2953
6_L_967016,6,L,0.15,0.85,967016,0.9,0.78,5.1,5.22,True,75,30.644663,24.703528,-19.387,32.606772,27.869484,-14.529,-38.1398,-27.1349,11.0049,False,30,40,max_iters,11.7708,30.2326,42.5743
6_L_453353,6,L,0.15,0.85,453353,0.9,0.78,5.1,5.22,False,,,,,,,,,,,,,,,11.2468,,11.4358
6_L_59345,6,L,0.15,0.85,59345,0.9,0.78,5.1,5.22,True,159,23.511466,20.05946,-14.682,64.801812,46.77683,-27.816,-77.1526,-40.1376,37.015,False,30,39,max_iters,11.31,66.1974,78.4053
6_L_601514,6,L,0.15,0.85,601514,0.9,0.78,5.1,5.22,False,,,,,,,,,,,,,,,12.0364,,12.2279
6_L_866935,6,L,0.15,0.85,866935,0.9,0.78,5.1,5.22,True,112,28.757185,22.64445,-21.256,45.933274,44.513665,-3.091,-44.2906,-42.2797,2.0109,False,30,40,max_iters,9.4973,45.1599,55.3549
6_L_98489,6,L,0.15,0.85,98489,0.9,0.78,5.1,5.22,True,86,40.581315,26.131602,-35.607,45.703439,36.170366,-20.859,-56.9495,-39.1511,17.7985,False,30,39,max_iters,11.5524,35.1436,47.3677
6_L_281239,6,L,0.15,0.85,281239,0.9,0.78,5.1,5.22,True,106,32.796642,32.189723,-1.851,67.419042,55.289162,-17.992,-91.3536,-62.2109,29.1427,False,30,40,max_iters,10.9257,45.5446,57.1964
6_L_155272,6,L,0.15,0.85,155272,0.9,0.78,5.1,5.22,False,,,,,,,,,,,,,,,10.6855,,10.8718
6_L_281962,6,L,0.15,0.85,281962,0.9,0.78,5.1,5.22,False,,,,,,,,,,,,,,,10.1968,,10.396
6_L_371867,6,L,0.15,0.85,371867,0.9,0.78,5.1,5.22,False,,,,,,,,,,,,,,,11.1283,,11.333
6_L_494148,6,L,0.15,0.85,494148,0.9,0.78,5.1,5.22,True,60,24.861402,28.007441,12.654,28.125782,14.419348,-48.733,-32.3992,-10.256,22.1432,False,27,40,trust_floor_rho,11.5504,27.3404,39.4035
6_C_299673,6,C,0.5,0.5,299673,3.0,0.78,3.0,5.22,True,79,35.239612,25.471191,-27.72,28.988969,20.355383,-29.782,-25.3234,-15.7258,9.5976,False,30,40,max_iters,11.6849,35.608,47.8596
6_C_926314,6,C,0.5,0.5,926314,3.0,0.78,3.0,5.22,True,105,8.16931,8.565974,4.856,24.945367,21.392395,-14.243,-17.4669,-13.3818,4.0851,False,16,28,trust_floor_rho,11.1522,32.4715,44.2962
6_C_381668,6,C,0.5,0.5,381668,3.0,0.78,3.0,5.22,True,75,20.805587,16.682455,-19.817,41.677702,40.652971,-2.459,-47.3825,-45.948,1.4345,False,30,40,max_iters,10.8818,32.9549,44.4896
6_C_37366,6,C,0.5,0.5,37366,3.0,0.78,3.0,5.22,True,44,23.309587,14.768263,-36.643,26.909594,16.421866,-38.974,-37.5569,-14.9888,22.568,False,30,39,max_iters,12.0881,20.7635,33.2943
6_C_261966,6,C,0.5,0.5,261966,3.0,0.78,3.0,5.22,True,92,10.959468,14.245924,29.987,71.545657,42.958866,-39.956,-113.5342,-45.1539,68.3803,False,30,39,max_iters,11.675,37.0471,49.4463
6_C_800712,6,C,0.5,0.5,800712,3.0,0.78,3.0,5.22,True,60,13.326209,13.449114,0.922,34.225075,28.981533,-15.321,-42.2633,-31.4885,10.7748,False,30,41,max_iters,12.4722,27.5718,40.6358
6_C_358831,6,C,0.5,0.5,358831,3.0,0.78,3.0,5.22,False,,,,,,,,,,,,,,,11.4947,,11.6892
6_C_487244,6,C,0.5,0.5,487244,3.0,0.78,3.0,5.22,True,58,20.546303,17.577879,-14.447,34.204764,23.932193,-30.033,-46.608,-23.1655,23.4425,False,30,41,max_iters,11.607,28.664,40.838
6_C_813857,6,C,0.5,0.5,813857,3.0,0.78,3.0,5.22,True,83,10.038677,15.941293,58.799,44.363669,30.190096,-31.949,-52.831,-27.1315,25.6995,False,30,39,max_iters,11.852,34.3639,46.8618
6_C_137845,6,C,0.5,0.5,137845,3.0,0.78,3.0,5.22,True,42,17.181764,14.500308,-15.606,26.100473,24.059244,-7.821,-35.2941,-28.6864,6.6077,False,25,37,trust_floor_rho,11.7927,18.4663,30.7202
6_C_758723,6,C,0.5,0.5,758723,3.0,0.78,3.0,5.22,False,,,,,,,,,,,,,,,11.8556,,12.0458
6_C_967016,6,C,0.5,0.5,967016,3.0,0.78,3.0,5.22,True,33,15.081744,13.940581,-7.567,9.525202,9.09419,-4.525,-7.7406,-7.2696,0.471,False,19,30,trust_floor_rho,11.7213,13.9397,26.0759
6_C_453353,6,C,0.5,0.5,453353,3.0,0.78,3.0,5.22,True,65,31.173037,25.044895,-19.658,44.117599,32.809176,-25.632,-60.8195,-38.4028,22.4167,False,30,41,max_iters,11.8862,29.008,41.5206
6_C_59345,6,C,0.5,0.5,59345,3.0,0.78,3.0,5.22,True,45,23.090644,20.494349,-11.244,16.029992,9.483465,-40.839,-17.1692,-6.0514,11.1179,False,25,36,trust_floor_rho,12.1969,17.5162,30.1584
6_C_601514,6,C,0.5,0.5,601514,3.0,0.78,3.0,5.22,False,,,,,,,,,,,,,,,9.9322,,10.1212
6_C_866935,6,C,0.5,0.5,866935,3.0,0.78,3.0,5.22,True,91,35.343313,28.806195,-18.496,44.357573,40.606446,-8.457,-50.6664,-42.2338,8.4326,False,24,35,trust_floor_rho,10.7152,34.8261,46.1894
6_C_98489,6,C,0.5,0.5,98489,3.0,0.78,3.0,5.22,False,,,,,,,,,,,,,,,11.5094,,11.7027
6_C_281239,6,C,0.5,0.5,281239,3.0,0.78,3.0,5.22,True,73,18.485159,14.234986,-22.992,32.403555,28.368385,-12.453,-33.7447,-28.1106,5.6341,False,30,41,max_iters,11.4341,34.1772,46.2552
6_C_155272,6,C,0.5,0.5,155272,3.0,0.78,3.0,5.22,False,,,,,,,,,,,,,,,11.7358,,11.9291
6_C_281962,6,C,0.5,0.5,281962,3.0,0.78,3.0,5.22,False,,,,,,,,,,,,,,,10.9537,,11.1567
6_C_371867,6,C,0.5,0.5,371867,3.0,0.78,3.0,5.22,True,62,28.238431,20.415671,-27.703,24.255342,18.543963,-23.547,-22.5692,-14.8967,7.6726,False,30,43,max_iters,11.1305,30.6336,42.3655
6_C_494148,6,C,0.5,0.5,494148,3.0,0.78,3.0,5.22,True,60,24.980313,15.501864,-37.944,20.534201,13.405542,-34.716,-18.4277,-8.9872,9.4406,False,30,39,max_iters,10.3604,23.7996,34.6939
6_R_299673,6,R,0.85,0.15,299673,5.1,0.78,0.9,5.22,False,,,,,,,,,,,,,,,10.9974,,11.1855
6_R_926314,6,R,0.85,0.15,926314,5.1,0.78,0.9,5.22,False,,,,,,,,,,,,,,,9.4333,,9.6205
6_R_381668,6,R,0.85,0.15,381668,5.1,0.78,0.9,5.22,False,,,,,,,,,,,,,,,11.1867,,11.3704
6_R_37366,6,R,0.85,0.15,37366,5.1,0.78,0.9,5.22,True,149,13.054066,16.610504,27.244,62.661673,48.652419,-22.357,-64.6625,-42.9402,21.7223,False,30,41,max_iters,13.9356,66.2754,81.0591
6_R_261966,6,R,0.85,0.15,261966,5.1,0.78,0.9,5.22,False,,,,,,,,,,,,,,,10.2952,,10.4823
6_R_800712,6,R,0.85,0.15,800712,5.1,0.78,0.9,5.22,False,,,,,,,,,,,,,,,11.6303,,11.8188
6_R_358831,6,R,0.85,0.15,358831,5.1,0.78,0.9,5.22,True,157,24.202407,20.081684,-17.026,103.930908,87.024143,-16.267,-139.8279,-100.5639,39.2639,False,30,39,max_iters,10.3124,65.7086,76.9234
6_R_487244,6,R,0.85,0.15,487244,5.1,0.78,0.9,5.22,True,63,30.965202,26.639875,-13.968,33.511403,30.730646,-8.298,-38.3678,-33.2465,5.1213,False,30,39,max_iters,12.6537,29.0293,42.2189
6_R_813857,6,R,0.85,0.15,813857,5.1,0.78,0.9,5.22,True,94,36.578467,24.448853,-33.161,36.918977,26.600827,-27.948,-33.6382,-20.8393,12.7989,False,30,40,max_iters,12.3039,40.025,53.0221
6_R_137845,6,R,0.85,0.15,137845,5.1,0.78,0.9,5.22,False,,,,,,,,,,,,,,,12.2183,,12.4089
6_R_758723,6,R,0.85,0.15,758723,5.1,0.78,0.9,5.22,False,,,,,,,,,,,,,,,9.3004,,9.4884
6_R_967016,6,R,0.85,0.15,967016,5.1,0.78,0.9,5.22,True,86,30.827246,23.386507,-24.137,39.530787,36.914448,-6.618,-39.5634,-36.0504,3.5131,False,21,34,trust_floor_rho,11.5949,29.6252,41.8369
6_R_453353,6,R,0.85,0.15,453353,5.1,0.78,0.9,5.22,False,,,,,,,,,,,,,,,11.9052,,12.0903
6_R_59345,6,R,0.85,0.15,59345,5.1,0.78,0.9,5.22,False,,,,,,,,,,,,,,,9.4893,,9.6828
6_R_601514,6,R,0.85,0.15,601514,5.1,0.78,0.9,5.22,True,65,24.925859,19.148297,-23.179,31.532198,28.707313,-8.959,-34.6253,-29.4007,5.2245,False,30,41,max_iters,11.5354,29.8015,41.935
6_R_866935,6,R,0.85,0.15,866935,5.1,0.78,0.9,5.22,True,114,19.081404,18.883801,-1.036,56.892977,41.107905,-27.745,-65.9662,-37.8927,28.0736,False,30,41,max_iters,11.8586,49.3743,61.9916
6_R_98489,6,R,0.85,0.15,98489,5.1,0.78,0.9,5.22,True,98,45.915999,33.433389,-27.186,50.961176,45.993861,-9.747,-60.0655,-47.7986,12.267,False,30,39,max_iters,10.1098,40.522,51.3106
6_R_281239,6,R,0.85,0.15,281239,5.1,0.78,0.9,5.22,True,82,23.051541,19.821673,-14.012,40.217303,38.740482,-3.672,-43.5166,-40.6551,2.8615,False,30,42,max_iters,11.5641,40.4052,52.6605
6_R_155272,6,R,0.85,0.15,155272,5.1,0.78,0.9,5.22,True,115,14.715781,19.398921,31.824,71.770266,46.768731,-34.836,-104.1404,-49.4014,54.739,False,30,40,max_iters,11.4669,48.2298,60.4525
6_R_281962,6,R,0.85,0.15,281962,5.1,0.78,0.9,5.22,True,68,18.917493,18.999384,0.433,47.943745,41.987481,-12.423,-68.961,-53.6286,15.3324,False,30,40,max_iters,11.5205,29.9658,42.0607
6_R_371867,6,R,0.85,0.15,371867,5.1,0.78,0.9,5.22,True,72,24.447168,23.221661,-5.013,29.361214,19.24519,-34.454,-31.1985,-14.4826,16.7159,False,30,41,max_iters,11.6179,32.8432,45.0816
6_R_494148,6,R,0.85,0.15,494148,5.1,0.78,0.9,5.22,False,,,,,,,,,,,,,,,10.3566,,10.5497
7_L_299673,7,L,0.15,0.85,299673,0.9,0.78,5.1,5.22,True,167,24.326605,21.266373,-12.58,41.933762,36.167378,-13.751,-30.1564,-23.211,6.9454,False,30,41,max_iters,10.8703,75.7568,87.6202
7_L_926314,7,L,0.15,0.85,926314,0.9,0.78,5.1,5.22,False,,,,,,,,,,,,,,,11.7257,,11.9266
7_L_381668,7,L,0.15,0.85,381668,0.9,0.78,5.1,5.22,False,,,,,,,,,,,,,,,10.8629,,11.0563
7_L_37366,7,L,0.15,0.85,37366,0.9,0.78,5.1,5.22,False,,,,,,,,,,,,,,,9.6359,,9.8223
7_L_261966,7,L,0.15,0.85,261966,0.9,0.78,5.1,5.22,False,,,,,,,,,,,,,,,9.8602,,10.0486
7_L_800712,7,L,0.15,0.85,800712,0.9,0.78,5.1,5.22,True,107,14.970884,18.730648,25.114,46.087951,30.974958,-32.792,-53.7097,-27.9147,25.7949,False,30,41,max_iters,12.0771,47.1779,59.9694
7_L_358831,7,L,0.15,0.85,358831,0.9,0.78,5.1,5.22,False,,,,,,,,,,,,,,,11.1511,,11.3457
7_L_487244,7,L,0.15,0.85,487244,0.9,0.78,5.1,5.22,True,55,23.030306,19.873502,-13.707,28.045815,23.645622,-15.689,-34.8868,-24.1102,10.7766,False,30,40,max_iters,11.7521,26.6886,38.9455
7_L_813857,7,L,0.15,0.85,813857,0.9,0.78,5.1,5.22,False,,,,,,,,,,,,,,,9.7353,,9.9263
7_L_137845,7,L,0.15,0.85,137845,0.9,0.78,5.1,5.22,False,,,,,,,,,,,,,,,11.1208,,11.3128
7_L_758723,7,L,0.15,0.85,758723,0.9,0.78,5.1,5.22,False,,,,,,,,,,,,,,,10.6488,,10.8443
7_L_967016,7,L,0.15,0.85,967016,0.9,0.78,5.1,5.22,True,96,15.95163,14.757302,-7.487,43.283505,34.061467,-21.306,-50.166,-33.2815,16.8845,False,30,41,max_iters,11.7659,41.0211,53.4412
7_L_453353,7,L,0.15,0.85,453353,0.9,0.78,5.1,5.22,False,,,,,,,,,,,,,,,9.4084,,9.5976
7_L_59345,7,L,0.15,0.85,59345,0.9,0.78,5.1,5.22,True,63,18.019386,16.627183,-7.726,22.994706,18.530482,-19.414,-24.327,-18.2689,6.0581,False,26,40,trust_floor_rho,10.7958,26.9271,38.2571
7_L_601514,7,L,0.15,0.85,601514,0.9,0.78,5.1,5.22,False,,,,,,,,,,,,,,,10.1177,,10.304
7_L_866935,7,L,0.15,0.85,866935,0.9,0.78,5.1,5.22,False,,,,,,,,,,,,,,,10.8762,,11.0664
7_L_98489,7,L,0.15,0.85,98489,0.9,0.78,5.1,5.22,True,93,29.225646,23.863824,-18.346,64.040096,50.626173,-20.946,-106.1918,-58.6411,47.5507,False,30,41,max_iters,10.9129,42.3174,53.9479
7_L_281239,7,L,0.15,0.85,281239,0.9,0.78,5.1,5.22,False,,,,,,,,,,,,,,,10.3757,,10.5691
7_L_155272,7,L,0.15,0.85,155272,0.9,0.78,5.1,5.22,False,,,,,,,,,,,,,,,11.1666,,11.3541
7_L_281962,7,L,0.15,0.85,281962,0.9,0.78,5.1,5.22,False,,,,,,,,,,,,,,,9.9754,,10.1683
7_L_371867,7,L,0.15,0.85,371867,0.9,0.78,5.1,5.22,True,108,34.630921,27.233511,-21.361,67.26212,45.80392,-31.902,-86.5519,-47.2382,39.3138,False,30,39,max_iters,9.7568,46.441,56.8963
7_L_494148,7,L,0.15,0.85,494148,0.9,0.78,5.1,5.22,False,,,,,,,,,,,,,,,10.3419,,10.5339
7_C_299673,7,C,0.5,0.5,299673,3.0,0.78,3.0,5.22,True,68,18.096146,16.537777,-8.612,32.768983,19.226984,-41.326,-38.8353,-16.7343,22.101,False,30,41,max_iters,11.1674,29.2527,40.9763
7_C_926314,7,C,0.5,0.5,926314,3.0,0.78,3.0,5.22,True,86,9.91818,9.325176,-5.979,20.234057,17.867939,-11.694,-14.322,-11.573,2.749,False,27,40,trust_floor_rho,11.6787,35.4434,47.7461
7_C_381668,7,C,0.5,0.5,381668,3.0,0.78,3.0,5.22,False,,,,,,,,,,,,,,,10.1375,,10.3274
7_C_37366,7,C,0.5,0.5,37366,3.0,0.78,3.0,5.22,True,106,9.369875,11.93343,27.36,51.313522,31.606137,-38.406,-55.3149,-25.5231,29.7918,False,30,40,max_iters,11.3545,44.4488,56.5428
7_C_261966,7,C,0.5,0.5,261966,3.0,0.78,3.0,5.22,True,78,10.874906,15.002259,37.953,64.188765,38.432312,-40.126,-120.9623,-41.8028,79.1595,False,30,40,max_iters,11.199,31.7207,43.5088
7_C_800712,7,C,0.5,0.5,800712,3.0,0.78,3.0,5.22,True,71,14.323076,13.847565,-3.32,37.145441,31.514635,-15.159,-43.137,-32.7063,10.4307,False,23,35,trust_floor_rho,11.5024,29.1106,41.1838
7_C_358831,7,C,0.5,0.5,358831,3.0,0.78,3.0,5.22,False,,,,,,,,,,,,,,,10.61,,10.7967
7_C_487244,7,C,0.5,0.5,487244,3.0,0.78,3.0,5.22,True,64,32.174588,26.214238,-18.525,33.608213,30.674237,-8.73,-38.1679,-32.221,5.9469,False,30,41,max_iters,11.9808,31.7862,44.3568
7_C_813857,7,C,0.5,0.5,813857,3.0,0.78,3.0,5.22,True,40,13.764589,16.545147,20.201,23.373426,16.654074,-28.748,-35.1671,-16.7056,18.4615,False,30,41,max_iters,11.3662,20.7097,32.5194
7_C_137845,7,C,0.5,0.5,137845,3.0,0.78,3.0,5.22,True,59,28.335139,28.945954,2.156,40.08972,29.390631,-26.688,-59.8914,-33.1736,26.7178,False,30,41,max_iters,11.3553,25.4846,37.3835
7_C_758723,7,C,0.5,0.5,758723,3.0,0.78,3.0,5.22,False,,,,,,,,,,,,,,,11.7998,,11.9895
7_C_967016,7,C,0.5,0.5,967016,3.0,0.78,3.0,5.22,False,,,,,,,,,,,,,,,9.8789,,10.0682
7_C_453353,7,C,0.5,0.5,453353,3.0,0.78,3.0,5.22,False,,,,,,,,,,,,,,,10.6247,,10.8161
7_C_59345,7,C,0.5,0.5,59345,3.0,0.78,3.0,5.22,True,82,37.485289,25.38255,-32.287,29.210693,16.309777,-44.165,-31.353,-9.9516,21.4013,False,30,39,max_iters,12.1611,34.5361,47.3153
7_C_601514,7,C,0.5,0.5,601514,3.0,0.78,3.0,5.22,False,,,,,,,,,,,,,,,10.3451,,10.5402
7_C_866935,7,C,0.5,0.5,866935,3.0,0.78,3.0,5.22,False,,,,,,,,,,,,,,,10.9316,,11.1191
7_C_98489,7,C,0.5,0.5,98489,3.0,0.78,3.0,5.22,True,56,17.152316,15.183919,-11.476,26.346249,17.689515,-32.858,-30.4851,-15.4047,15.0804,False,30,43,max_iters,11.4857,24.9675,36.9805
7_C_281239,7,C,0.5,0.5,281239,3.0,0.78,3.0,5.22,False,,,,,,,,,,,,,,,10.6089,,10.7984
7_C_155272,7,C,0.5,0.5,155272,3.0,0.78,3.0,5.22,True,83,41.875517,35.488651,-15.252,44.066234,36.610935,-16.918,-50.5228,-37.4312,13.0916,False,30,42,max_iters,11.056,37.7283,49.4535
7_C_281962,7,C,0.5,0.5,281962,3.0,0.78,3.0,5.22,False,,,,,,,,,,,,,,,10.3413,,10.5334
7_C_371867,7,C,0.5,0.5,371867,3.0,0.78,3.0,5.22,False,,,,,,,,,,,,,,,11.7497,,11.9667
7_C_494148,7,C,0.5,0.5,494148,3.0,0.78,3.0,5.22,True,48,12.986103,12.784009,-1.556,12.360609,11.076722,-10.387,-8.8512,-7.4032,1.448,False,20,32,trust_floor_rho,10.646,18.5695,29.704
7_R_299673,7,R,0.85,0.15,299673,5.1,0.78,0.9,5.22,False,,,,,,,,,,,,,,,9.5898,,9.7777
7_R_926314,7,R,0.85,0.15,926314,5.1,0.78,0.9,5.22,True,110,24.715445,28.965675,17.197,57.871301,36.583429,-36.785,-75.8903,-31.484,44.4063,False,30,40,max_iters,10.8085,46.497,58.1095
7_R_381668,7,R,0.85,0.15,381668,5.1,0.78,0.9,5.22,True,47,22.014804,20.552213,-6.644,24.748404,22.726031,-8.172,-27.8862,-24.5057,3.3804,False,30,43,max_iters,11.4695,24.5476,36.4705
7_R_37366,7,R,0.85,0.15,37366,5.1,0.78,0.9,5.22,True,121,14.3646,17.740577,23.502,46.240048,37.364916,-19.194,-46.0934,-32.4064,13.687,False,26,37,trust_floor_rho,12.3495,49.0818,62.2285
7_R_261966,7,R,0.85,0.15,261966,5.1,0.78,0.9,5.22,False,,,,,,,,,,,,,,,10.5843,,10.769
7_R_800712,7,R,0.85,0.15,800712,5.1,0.78,0.9,5.22,False,,,,,,,,,,,,,,,10.7689,,10.9548
7_R_358831,7,R,0.85,0.15,358831,5.1,0.78,0.9,5.22,False,,,,,,,,,,,,,,,9.0922,,9.29
7_R_487244,7,R,0.85,0.15,487244,5.1,0.78,0.9,5.22,True,50,24.522752,25.032985,2.081,33.05678,25.265935,-23.568,-46.8437,-28.3882,18.4555,False,23,34,trust_floor_rho,11.4693,19.0449,31.0056
7_R_813857,7,R,0.85,0.15,813857,5.1,0.78,0.9,5.22,True,62,33.947452,23.815645,-29.846,23.375441,20.20854,-13.548,-22.0221,-17.2242,4.798,False,30,40,max_iters,11.4654,26.2279,38.2809
7_R_137845,7,R,0.85,0.15,137845,5.1,0.78,0.9,5.22,False,,,,,,,,,,,,,,,11.652,,11.8428
7_R_758723,7,R,0.85,0.15,758723,5.1,0.78,0.9,5.22,False,,,,,,,,,,,,,,,9.1386,,9.3259
7_R_967016,7,R,0.85,0.15,967016,5.1,0.78,0.9,5.22,True,97,50.144737,33.330188,-33.532,36.82834,27.891797,-24.265,-33.8586,-22.26,11.5986,False,30,39,max_iters,11.1361,39.0769,50.8609
7_R_453353,7,R,0.85,0.15,453353,5.1,0.78,0.9,5.22,True,89,23.610197,22.216246,-5.904,49.236695,40.852686,-17.028,-59.6183,-44.5474,15.0709,False,30,40,max_iters,10.9171,36.8609,48.3972
7_R_59345,7,R,0.85,0.15,59345,5.1,0.78,0.9,5.22,False,,,,,,,,,,,,,,,9.6325,,9.8159
7_R_601514,7,R,0.85,0.15,601514,5.1,0.78,0.9,5.22,True,91,21.908812,16.818933,-23.232,47.368908,40.512946,-14.474,-52.565,-41.3983,11.1666,False,30,40,max_iters,10.9062,38.1554,49.6814
7_R_866935,7,R,0.85,0.15,866935,5.1,0.78,0.9,5.22,True,128,17.087167,16.973427,-0.666,48.890681,41.406011,-15.309,-45.3901,-35.5884,9.8017,False,30,39,max_iters,11.4878,55.0758,67.3928
7_R_98489,7,R,0.85,0.15,98489,5.1,0.78,0.9,5.22,True,102,22.594278,20.16708,-10.743,52.912292,36.546596,-30.93,-71.2581,-34.863,36.3951,False,30,41,max_iters,10.8019,43.8989,55.355
7_R_281239,7,R,0.85,0.15,281239,5.1,0.78,0.9,5.22,True,68,22.144557,21.645456,-2.254,34.876727,32.27384,-7.463,-38.1835,-33.9098,4.2737,False,30,42,max_iters,11.5671,31.0366,43.1972
7_R_155272,7,R,0.85,0.15,155272,5.1,0.78,0.9,5.22,True,112,17.408358,22.907768,31.591,72.899985,49.937474,-31.499,-106.155,-52.8015,53.3535,False,30,41,max_iters,11.1752,47.483,59.4717
7_R_281962,7,R,0.85,0.15,281962,5.1,0.78,0.9,5.22,True,89,19.399092,21.921501,13.003,68.630172,50.706343,-26.117,-109.5016,-60.4334,49.0681,False,30,39,max_iters,10.9536,34.2611,45.8439
7_R_371867,7,R,0.85,0.15,371867,5.1,0.78,0.9,5.22,True,144,13.72497,13.239226,-3.539,55.419827,43.911108,-20.766,-51.9281,-35.9386,15.9896,False,30,41,max_iters,11.651,61.8842,74.3768
7_R_494148,7,R,0.85,0.15,494148,5.1,0.78,0.9,5.22,True,78,32.816114,29.714657,-9.451,26.70961,20.574128,-22.971,-28.9131,-15.306,13.6072,False,30,42,max_iters,11.3319,36.366,48.3323
8_L_299673,8,L,0.15,0.85,299673,0.9,0.78,5.1,5.22,True,106,49.882485,38.336542,-23.146,49.761615,22.817185,-54.147,-53.9047,-14.5784,39.3262,False,30,39,max_iters,11.1685,45.0455,56.9164
8_L_926314,8,L,0.15,0.85,926314,0.9,0.78,5.1,5.22,False,,,,,,,,,,,,,,,11.6966,,11.8825
8_L_381668,8,L,0.15,0.85,381668,0.9,0.78,5.1,5.22,False,,,,,,,,,,,,,,,9.7246,,9.9145
8_L_37366,8,L,0.15,0.85,37366,0.9,0.78,5.1,5.22,False,,,,,,,,,,,,,,,9.6771,,9.8747
8_L_261966,8,L,0.15,0.85,261966,0.9,0.78,5.1,5.22,False,,,,,,,,,,,,,,,10.8136,,11.0198
8_L_800712,8,L,0.15,0.85,800712,0.9,0.78,5.1,5.22,True,117,14.822916,17.777724,19.934,49.730484,37.489745,-24.614,-54.7211,-35.731,18.9902,False,30,40,max_iters,12.5146,45.4428,58.6716
8_L_358831,8,L,0.15,0.85,358831,0.9,0.78,5.1,5.22,False,,,,,,,,,,,,,,,10.385,,10.5876
8_L_487244,8,L,0.15,0.85,487244,0.9,0.78,5.1,5.22,True,56,29.465337,28.294233,-3.975,29.164495,23.027705,-21.042,-38.0797,-22.8522,15.2275,False,18,30,trust_floor_rho,11.955,18.5282,31.0297
8_L_813857,8,L,0.15,0.85,813857,0.9,0.78,5.1,5.22,False,,,,,,,,,,,,,,,9.7141,,9.912
8_L_137845,8,L,0.15,0.85,137845,0.9,0.78,5.1,5.22,False,,,,,,,,,,,,,,,10.2872,,10.4762
8_L_758723,8,L,0.15,0.85,758723,0.9,0.78,5.1,5.22,False,,,,,,,,,,,,,,,11.0047,,11.1965
8_L_967016,8,L,0.15,0.85,967016,0.9,0.78,5.1,5.22,True,52,22.478086,20.228064,-10.01,22.599176,21.649353,-4.203,-25.4479,-22.9851,2.4628,False,30,41,max_iters,11.6394,23.0473,35.1826
8_L_453353,8,L,0.15,0.85,453353,0.9,0.78,5.1,5.22,False,,,,,,,,,,,,,,,10.1787,,10.3757
8_L_59345,8,L,0.15,0.85,59345,0.9,0.78,5.1,5.22,True,234,54.239014,37.145866,-31.514,106.946234,49.461524,-53.751,-113.1931,-33.4296,79.7635,False,30,39,max_iters,12.5836,102.1794,115.9767
8_L_601514,8,L,0.15,0.85,601514,0.9,0.78,5.1,5.22,False,,,,,,,,,,,,,,,11.4656,,11.6531
8_L_866935,8,L,0.15,0.85,866935,0.9,0.78,5.1,5.22,False,,,,,,,,,,,,,,,10.8376,,11.0238
8_L_98489,8,L,0.15,0.85,98489,0.9,0.78,5.1,5.22,False,,,,,,,,,,,,,,,10.7633,,10.9532
8_L_281239,8,L,0.15,0.85,281239,0.9,0.78,5.1,5.22,False,,,,,,,,,,,,,,,10.5498,,10.7374
8_L_155272,8,L,0.15,0.85,155272,0.9,0.78,5.1,5.22,False,,,,,,,,,,,,,,,11.3243,,11.5178
8_L_281962,8,L,0.15,0.85,281962,0.9,0.78,5.1,5.22,False,,,,,,,,,,,,,,,10.3647,,10.5554
8_L_371867,8,L,0.15,0.85,371867,0.9,0.78,5.1,5.22,False,,,,,,,,,,,,,,,10.4394,,10.6265
8_L_494148,8,L,0.15,0.85,494148,0.9,0.78,5.1,5.22,False,,,,,,,,,,,,,,,10.691,,10.8766
8_C_299673,8,C,0.5,0.5,299673,3.0,0.78,3.0,5.22,True,60,11.177029,15.323131,37.095,26.655161,15.686048,-41.152,-29.8078,-12.3277,17.48,False,30,40,max_iters,12.1012,26.1336,38.7141
8_C_926314,8,C,0.5,0.5,926314,3.0,0.78,3.0,5.22,True,70,30.267283,30.59249,1.074,29.17104,21.609142,-25.923,-31.4749,-18.1695,13.3055,False,30,40,max_iters,11.6136,30.1206,42.296
8_C_381668,8,C,0.5,0.5,381668,3.0,0.78,3.0,5.22,True,94,12.688741,12.65078,-0.299,51.969006,47.571702,-8.461,-59.5499,-51.8298,7.72,False,19,32,trust_floor_rho,11.3782,32.1486,44.2485
8_C_37366,8,C,0.5,0.5,37366,3.0,0.78,3.0,5.22,True,68,10.644629,9.556496,-10.222,27.199822,22.657683,-16.699,-25.8576,-19.5364,6.3212,False,30,42,max_iters,11.0968,30.784,42.4849
8_C_261966,8,C,0.5,0.5,261966,3.0,0.78,3.0,5.22,True,77,14.181995,14.738024,3.921,54.99238,39.91963,-27.409,-90.6251,-45.785,44.8401,False,30,39,max_iters,10.803,32.5372,43.9274
8_C_800712,8,C,0.5,0.5,800712,3.0,0.78,3.0,5.22,True,64,15.67876,15.632783,-0.293,33.649491,26.709331,-20.625,-39.6157,-27.0344,12.5812,False,23,35,trust_floor_rho,10.9666,24.3806,35.8895
8_C_358831,8,C,0.5,0.5,358831,3.0,0.78,3.0,5.22,True,97,40.430513,27.81422,-31.205,75.008819,52.979138,-29.369,-119.1915,-70.1184,49.0732,False,30,38,max_iters,11.1248,39.6972,51.4945
8_C_487244,8,C,0.5,0.5,487244,3.0,0.78,3.0,5.22,True,66,24.282458,20.461219,-15.737,36.125776,28.553054,-20.962,-44.1915,-28.6291,15.5625,False,30,42,max_iters,12.2291,32.2798,45.0516
8_C_813857,8,C,0.5,0.5,813857,3.0,0.78,3.0,5.22,False,,,,,,,,,,,,,,,10.8801,,11.0646
8_C_137845,8,C,0.5,0.5,137845,3.0,0.78,3.0,5.22,False,,,,,,,,,,,,,,,10.5453,,10.7366
8_C_758723,8,C,0.5,0.5,758723,3.0,0.78,3.0,5.22,False,,,,,,,,,,,,,,,11.9427,,12.1284
8_C_967016,8,C,0.5,0.5,967016,3.0,0.78,3.0,5.22,False,,,,,,,,,,,,,,,9.9506,,10.1395
8_C_453353,8,C,0.5,0.5,453353,3.0,0.78,3.0,5.22,False,,,,,,,,,,,,,,,10.2714,,10.4667
8_C_59345,8,C,0.5,0.5,59345,3.0,0.78,3.0,5.22,False,,,,,,,,,,,,,,,9.7599,,9.9446
8_C_601514,8,C,0.5,0.5,601514,3.0,0.78,3.0,5.22,False,,,,,,,,,,,,,,,9.6244,,9.8137
8_C_866935,8,C,0.5,0.5,866935,3.0,0.78,3.0,5.22,True,73,35.383077,28.631545,-19.081,38.137968,33.561797,-11.999,-43.8233,-35.2588,8.5645,False,30,42,max_iters,11.2058,34.8125,46.5627
8_C_98489,8,C,0.5,0.5,98489,3.0,0.78,3.0,5.22,True,78,36.799488,23.791611,-35.348,35.386569,28.738107,-18.788,-37.7023,-27.1815,10.5208,False,30,40,max_iters,11.8517,33.1838,45.6375
8_C_281239,8,C,0.5,0.5,281239,3.0,0.78,3.0,5.22,True,79,18.638595,16.880987,-9.43,41.858345,39.212271,-6.321,-46.6842,-42.3383,4.3459,False,30,41,max_iters,11.5074,35.9274,48.073
8_C_155272,8,C,0.5,0.5,155272,3.0,0.78,3.0,5.22,False,,,,,,,,,,,,,,,11.3621,,11.5516
8_C_281962,8,C,0.5,0.5,281962,3.0,0.78,3.0,5.22,False,,,,,,,,,,,,,,,11.5423,,11.7297
8_C_371867,8,C,0.5,0.5,371867,3.0,0.78,3.0,5.22,False,,,,,,,,,,,,,,,11.321,,11.5092
8_C_494148,8,C,0.5,0.5,494148,3.0,0.78,3.0,5.22,True,45,14.101328,12.734794,-9.691,14.185663,11.460662,-19.21,-11.784,-8.5236,3.2604,False,17,30,trust_floor_rho,11.0572,15.1358,26.6369
8_R_299673,8,R,0.85,0.15,299673,5.1,0.78,0.9,5.22,True,73,37.39933,32.912215,-11.998,37.212256,26.237861,-29.491,-50.8443,-24.0332,26.8111,False,30,41,max_iters,9.7406,32.5073,42.8936
8_R_926314,8,R,0.85,0.15,926314,5.1,0.78,0.9,5.22,False,,,,,,,,,,,,,,,9.1883,,9.3794
8_R_381668,8,R,0.85,0.15,381668,5.1,0.78,0.9,5.22,True,96,15.816595,14.324321,-9.435,48.215069,44.87906,-6.919,-52.59,-47.259,5.331,False,30,41,max_iters,11.9537,40.7261,53.322
8_R_37366,8,R,0.85,0.15,37366,5.1,0.78,0.9,5.22,True,136,12.720039,15.31414,20.394,57.558685,46.356587,-19.462,-59.6295,-41.4423,18.1872,False,30,40,max_iters,12.0982,58.4263,71.4087
8_R_261966,8,R,0.85,0.15,261966,5.1,0.78,0.9,5.22,False,,,,,,,,,,,,,,,10.9276,,11.1358
8_R_800712,8,R,0.85,0.15,800712,5.1,0.78,0.9,5.22,False,,,,,,,,,,,,,,,10.4042,,10.5929
8_R_358831,8,R,0.85,0.15,358831,5.1,0.78,0.9,5.22,False,,,,,,,,,,,,,,,9.0455,,9.2305
8_R_487244,8,R,0.85,0.15,487244,5.1,0.78,0.9,5.22,False,,,,,,,,,,,,,,,12.0189,,12.1992
8_R_813857,8,R,0.85,0.15,813857,5.1,0.78,0.9,5.22,True,71,31.76139,21.463555,-32.422,28.0409,24.205564,-13.678,-28.7015,-21.5338,7.1678,False,30,41,max_iters,11.3757,29.69,41.6669
8_R_137845,8,R,0.85,0.15,137845,5.1,0.78,0.9,5.22,False,,,,,,,,,,,,,,,10.2687,,10.4638
8_R_758723,8,R,0.85,0.15,758723,5.1,0.78,0.9,5.22,False,,,,,,,,,,,,,,,9.0902,,9.2794
8_R_967016,8,R,0.85,0.15,967016,5.1,0.78,0.9,5.22,False,,,,,,,,,,,,,,,10.7025,,10.8939
8_R_453353,8,R,0.85,0.15,453353,5.1,0.78,0.9,5.22,False,,,,,,,,,,,,,,,11.3993,,11.5875
8_R_59345,8,R,0.85,0.15,59345,5.1,0.78,0.9,5.22,False,,,,,,,,,,,,,,,9.5895,,9.7795
8_R_601514,8,R,0.85,0.15,601514,5.1,0.78,0.9,5.22,False,,,,,,,,,,,,,,,9.5765,,9.7572
8_R_866935,8,R,0.85,0.15,866935,5.1,0.78,0.9,5.22,False,,,,,,,,,,,,,,,10.7553,,10.9399
8_R_98489,8,R,0.85,0.15,98489,5.1,0.78,0.9,5.22,True,113,20.884473,17.55695,-15.933,57.564799,40.267747,-30.048,-79.0752,-38.0552,41.0201,False,30,38,max_iters,11.2837,46.0633,58.061
8_R_281239,8,R,0.85,0.15,281239,5.1,0.78,0.9,5.22,True,51,23.005124,20.433121,-11.18,27.931441,26.467938,-5.24,-32.0023,-29.115,2.8873,False,16,29,trust_floor_rho,11.5654,17.8691,29.8916
8_R_155272,8,R,0.85,0.15,155272,5.1,0.78,0.9,5.22,False,,,,,,,,,,,,,,,9.2603,,9.448
8_R_281962,8,R,0.85,0.15,281962,5.1,0.78,0.9,5.22,True,88,34.303993,25.854882,-24.63,57.407995,46.014266,-19.847,-78.5869,-53.3433,25.2437,False,30,41,max_iters,11.095,37.5531,49.333
8_R_371867,8,R,0.85,0.15,371867,5.1,0.78,0.9,5.22,False,,,,,,,,,,,,,,,11.1942,,11.3868
8_R_494148,8,R,0.85,0.15,494148,5.1,0.78,0.9,5.22,False,,,,,,,,,,,,,,,10.9727,,11.1579
