trial_id,density,column,start_x_frac,goal_x_frac,seed,start_x,start_y,goal_x,goal_y,reached,cost,nodes,plan_time_s,t_first_s,nn_time_s,prop_time_s,collision_time_s
5_L_0,5,L,0.15,0.85,0,0.9,0.78,5.1,5.22,True,0.066247,18206,24.4775,4.5652,0.5236,15.6939,4.8935
5_L_1,5,L,0.15,0.85,1,0.9,0.78,5.1,5.22,True,0.123329,48810,18.2092,1.9722,0.3927,8.5626,4.2077
5_L_2,5,L,0.15,0.85,2,0.9,0.78,5.1,5.22,True,0.071692,29754,12.1674,0.0819,0.3035,6.2396,2.945
5_L_3,5,L,0.15,0.85,3,0.9,0.78,5.1,5.22,True,0.118646,45805,12.8055,1.8487,0.2903,6.2334,2.8172
5_L_4,5,L,0.15,0.85,4,0.9,0.78,5.1,5.22,True,0.056719,21569,11.3307,0.0406,0.2982,6.1417,2.7956
5_L_5,5,L,0.15,0.85,5,0.9,0.78,5.1,5.22,True,0.199375,21440,11.0566,5.5408,0.2751,6.1405,2.6504
5_L_6,5,L,0.15,0.85,6,0.9,0.78,5.1,5.22,True,0.075188,42154,12.48,0.9202,0.2897,6.1936,2.7936
5_L_7,5,L,0.15,0.85,7,0.9,0.78,5.1,5.22,True,0.059588,24896,11.7677,0.0478,0.303,6.243,2.86
5_L_8,5,L,0.15,0.85,8,0.9,0.78,5.1,5.22,True,0.104762,22525,11.3647,1.7744,0.2885,6.1348,2.8074
5_L_9,5,L,0.15,0.85,9,0.9,0.78,5.1,5.22,True,0.090526,48067,13.0885,0.6192,0.2921,6.2983,2.8658
5_L_10,5,L,0.15,0.85,10,0.9,0.78,5.1,5.22,True,0.066854,25968,11.8299,0.6216,0.3017,6.268,2.836
5_L_11,5,L,0.15,0.85,11,0.9,0.78,5.1,5.22,True,0.122048,37333,12.9846,2.3831,0.2959,6.5203,3.0143
5_L_12,5,L,0.15,0.85,12,0.9,0.78,5.1,5.22,True,0.06688,29733,12.6467,0.3719,0.308,6.5711,3.0219
5_L_13,5,L,0.15,0.85,13,0.9,0.78,5.1,5.22,False,,24017,12.0498,,0.2839,6.5565,2.9366
5_L_14,5,L,0.15,0.85,14,0.9,0.78,5.1,5.22,True,0.210044,35285,12.5962,3.593,0.2931,6.4391,2.9259
5_L_15,5,L,0.15,0.85,15,0.9,0.78,5.1,5.22,True,0.082394,37848,11.9598,0.9139,0.2845,6.0299,2.7113
5_L_16,5,L,0.15,0.85,16,0.9,0.78,5.1,5.22,True,0.060924,23990,11.2288,0.1309,0.2888,6.0082,2.7626
5_L_17,5,L,0.15,0.85,17,0.9,0.78,5.1,5.22,True,0.064611,31183,13.3151,0.0616,0.3292,6.7892,3.2408
5_L_18,5,L,0.15,0.85,18,0.9,0.78,5.1,5.22,True,0.159763,65415,15.3975,4.8628,0.3098,6.7487,3.2566
5_L_19,5,L,0.15,0.85,19,0.9,0.78,5.1,5.22,True,0.664515,72156,15.2325,6.3263,0.2984,6.5874,3.0802
5_L_20,5,L,0.15,0.85,20,0.9,0.78,5.1,5.22,True,0.094601,38174,12.5488,1.4258,0.2946,6.333,2.8143
5_L_21,5,L,0.15,0.85,21,0.9,0.78,5.1,5.22,True,0.085125,48439,12.9906,1.6387,0.2879,6.2085,2.8622
5_L_22,5,L,0.15,0.85,22,0.9,0.78,5.1,5.22,True,0.082209,47931,13.6471,2.7352,0.3072,6.5553,2.9734
5_L_23,5,L,0.15,0.85,23,0.9,0.78,5.1,5.22,True,0.095269,50876,13.2813,1.2005,0.2921,6.3035,2.8736
5_L_24,5,L,0.15,0.85,24,0.9,0.78,5.1,5.22,True,0.251694,60702,14.172,10.8322,0.2916,6.4193,2.9527
5_L_25,5,L,0.15,0.85,25,0.9,0.78,5.1,5.22,True,0.158182,60709,13.9443,6.8832,0.2877,6.3425,2.9173
5_L_26,5,L,0.15,0.85,26,0.9,0.78,5.1,5.22,True,0.108999,52476,13.5252,1.5859,0.292,6.4168,2.9009
5_L_27,5,L,0.15,0.85,27,0.9,0.78,5.1,5.22,True,0.662819,65519,14.6065,8.8401,0.2927,6.5804,2.9741
5_L_28,5,L,0.15,0.85,28,0.9,0.78,5.1,5.22,True,0.176069,51120,13.2319,4.6832,0.2848,6.2927,2.8613
5_L_29,5,L,0.15,0.85,29,0.9,0.78,5.1,5.22,True,0.085055,37677,12.4681,2.1413,0.3066,6.2904,2.815
5_C_0,5,C,0.5,0.5,0,3.0,0.78,3.0,5.22,True,0.054638,12054,10.6117,0.2717,0.2933,6.0751,2.7172
5_C_1,5,C,0.5,0.5,1,3.0,0.78,3.0,5.22,True,0.03912,8001,10.4149,0.0277,0.2883,6.0187,2.7684
5_C_2,5,C,0.5,0.5,2,3.0,0.78,3.0,5.22,True,0.049947,13123,10.824,0.2604,0.2986,6.1278,2.7651
5_C_3,5,C,0.5,0.5,3,3.0,0.78,3.0,5.22,True,0.098547,37021,12.3185,1.4799,0.2972,6.2442,2.8019
5_C_4,5,C,0.5,0.5,4,3.0,0.78,3.0,5.22,True,0.049479,17238,11.1082,2.0507,0.3044,6.2412,2.7111
5_C_5,5,C,0.5,0.5,5,3.0,0.78,3.0,5.22,True,0.044226,12706,11.0757,0.0952,0.3097,6.2685,2.8498
5_C_6,5,C,0.5,0.5,6,3.0,0.78,3.0,5.22,True,0.114656,37197,12.4195,1.9083,0.2959,6.2829,2.7992
5_C_7,5,C,0.5,0.5,7,3.0,0.78,3.0,5.22,True,0.040979,9729,10.8385,0.0305,0.3005,6.2321,2.8298
5_C_8,5,C,0.5,0.5,8,3.0,0.78,3.0,5.22,True,0.116165,26200,11.8609,3.205,0.2865,6.2902,2.8561
5_C_9,5,C,0.5,0.5,9,3.0,0.78,3.0,5.22,True,0.137737,41644,13.4485,1.7755,0.314,6.6715,3.0338
5_C_10,5,C,0.5,0.5,10,3.0,0.78,3.0,5.22,True,0.468892,51643,14.2826,6.3934,0.3036,6.7819,3.1288
5_C_11,5,C,0.5,0.5,11,3.0,0.78,3.0,5.22,True,0.039909,8803,12.0711,0.0557,0.3357,6.9658,3.1659
5_C_12,5,C,0.5,0.5,12,3.0,0.78,3.0,5.22,True,0.046217,10769,11.3466,0.0365,0.3125,6.4804,2.968
5_C_13,5,C,0.5,0.5,13,3.0,0.78,3.0,5.22,False,,60663,14.9611,,0.3196,6.7317,3.0888
5_C_14,5,C,0.5,0.5,14,3.0,0.78,3.0,5.22,True,0.063705,41477,13.2378,6.3675,0.317,6.5283,2.9518
5_C_15,5,C,0.5,0.5,15,3.0,0.78,3.0,5.22,True,0.068869,50966,13.7632,4.4621,0.3065,6.5103,2.9955
5_C_16,5,C,0.5,0.5,16,3.0,0.78,3.0,5.22,True,0.040309,11043,10.771,0.0203,0.2929,6.1051,2.8261
5_C_17,5,C,0.5,0.5,17,3.0,0.78,3.0,5.22,True,0.044348,13939,10.7975,0.4248,0.3026,6.1072,2.7074
5_C_18,5,C,0.5,0.5,18,3.0,0.78,3.0,5.22,True,0.109205,32292,11.9665,1.5294,0.294,6.195,2.7563
5_C_19,5,C,0.5,0.5,19,3.0,0.78,3.0,5.22,True,0.045038,11853,10.9119,0.0231,0.2954,6.2036,2.8185
5_C_20,5,C,0.5,0.5,20,3.0,0.78,3.0,5.22,True,0.079338,32918,12.138,0.5812,0.2986,6.249,2.8056
5_C_21,5,C,0.5,0.5,21,3.0,0.78,3.0,5.22,True,0.051192,13677,11.0729,0.2346,0.3018,6.2115,2.8641
5_C_22,5,C,0.5,0.5,22,3.0,0.78,3.0,5.22,True,0.045937,15289,10.9621,0.3193,0.3051,6.1212,2.7826
5_C_23,5,C,0.5,0.5,23,3.0,0.78,3.0,5.22,True,0.077724,27565,11.7909,0.5581,0.2985,6.1711,2.8391
5_C_24,5,C,0.5,0.5,24,3.0,0.78,3.0,5.22,True,0.215655,24476,11.4696,5.3094,0.2871,6.1361,2.8134
5_C_25,5,C,0.5,0.5,25,3.0,0.78,3.0,5.22,True,0.041298,10412,10.8321,0.052,0.3043,6.1622,2.8482
5_C_26,5,C,0.5,0.5,26,3.0,0.78,3.0,5.22,True,0.061312,27488,11.6892,3.9356,0.3067,6.205,2.7441
5_C_27,5,C,0.5,0.5,27,3.0,0.78,3.0,5.22,True,0.070242,23080,11.7148,0.4666,0.303,6.2941,2.857
5_C_28,5,C,0.5,0.5,28,3.0,0.78,3.0,5.22,True,0.069872,22683,11.6895,0.4024,0.308,6.2719,2.8804
5_C_29,5,C,0.5,0.5,29,3.0,0.78,3.0,5.22,True,0.294321,38350,12.4567,7.8067,0.2865,6.3034,2.8177
5_R_0,5,R,0.85,0.15,0,5.1,0.78,0.9,5.22,True,0.075658,42600,12.8497,3.1599,0.3081,6.3247,2.8787
5_R_1,5,R,0.85,0.15,1,5.1,0.78,0.9,5.22,True,0.444442,38238,12.4826,7.3823,0.2841,6.3873,2.7588
5_R_2,5,R,0.85,0.15,2,5.1,0.78,0.9,5.22,True,0.060133,21726,11.8355,0.085,0.3018,6.4067,2.9363
5_R_3,5,R,0.85,0.15,3,5.1,0.78,0.9,5.22,True,0.075777,37693,12.6717,0.59,0.2938,6.4227,2.8786
5_R_4,5,R,0.85,0.15,4,5.1,0.78,0.9,5.22,True,0.188138,24381,11.5852,10.8002,0.2733,6.407,2.6934
5_R_5,5,R,0.85,0.15,5,5.1,0.78,0.9,5.22,True,0.171869,42435,12.5734,2.3593,0.2751,6.2941,2.8103
5_R_6,5,R,0.85,0.15,6,5.1,0.78,0.9,5.22,True,0.339305,60591,13.4312,4.0158,0.2802,6.1559,2.769
5_R_7,5,R,0.85,0.15,7,5.1,0.78,0.9,5.22,True,0.122336,62633,13.5057,8.3054,0.2811,6.0507,2.8241
5_R_8,5,R,0.85,0.15,8,5.1,0.78,0.9,5.22,True,0.091406,25666,11.3475,0.521,0.2777,6.0213,2.788
5_R_9,5,R,0.85,0.15,9,5.1,0.78,0.9,5.22,True,0.099308,51896,13.0663,2.0831,0.2833,6.1862,2.8092
5_R_10,5,R,0.85,0.15,10,5.1,0.78,0.9,5.22,True,0.059839,22173,12.4862,0.6342,0.3311,6.7655,3.0793
5_R_11,5,R,0.85,0.15,11,5.1,0.78,0.9,5.22,True,0.064485,28638,12.8252,0.7253,0.3229,6.6665,3.0646
5_R_12,5,R,0.85,0.15,12,5.1,0.78,0.9,5.22,True,0.113896,51757,13.5018,1.4198,0.2941,6.3959,2.9279
5_R_13,5,R,0.85,0.15,13,5.1,0.78,0.9,5.22,True,0.072404,34961,12.3052,1.9022,0.3053,6.2557,2.8322
5_R_14,5,R,0.85,0.15,14,5.1,0.78,0.9,5.22,True,0.0632,28344,11.8851,1.0387,0.3031,6.2167,2.8227
5_R_15,5,R,0.85,0.15,15,5.1,0.78,0.9,5.22,True,0.087118,36500,13.3481,2.5802,0.3154,6.7596,3.0931
5_R_16,5,R,0.85,0.15,16,5.1,0.78,0.9,5.22,True,0.070667,31582,13.0147,0.3226,0.3175,6.6737,3.0964
5_R_17,5,R,0.85,0.15,17,5.1,0.78,0.9,5.22,True,0.093486,49980,14.1139,3.6114,0.3087,6.7426,3.054
5_R_18,5,R,0.85,0.15,18,5.1,0.78,0.9,5.22,True,0.064004,30753,12.5073,0.3315,0.3027,6.4537,2.9852
5_R_19,5,R,0.85,0.15,19,5.1,0.78,0.9,5.22,True,0.073326,37000,12.9701,1.473,0.318,6.5191,2.9817
5_R_20,5,R,0.85,0.15,20,5.1,0.78,0.9,5.22,True,0.187012,50517,13.6569,4.844,0.2872,6.5184,3.0186
5_R_21,5,R,0.85,0.15,21,5.1,0.78,0.9,5.22,True,0.0698,28027,12.3665,0.3448,0.2982,6.5028,2.967
5_R_22,5,R,0.85,0.15,22,5.1,0.78,0.9,5.22,True,0.085526,50299,13.3314,3.3856,0.2931,6.3551,2.8894
5_R_23,5,R,0.85,0.15,23,5.1,0.78,0.9,5.22,True,0.330298,65819,14.1362,1.8727,0.2798,6.3539,2.9142
5_R_24,5,R,0.85,0.15,24,5.1,0.78,0.9,5.22,True,0.069618,28133,11.5187,1.6458,0.2987,6.1156,2.6604
5_R_25,5,R,0.85,0.15,25,5.1,0.78,0.9,5.22,True,0.081806,40422,12.4675,1.0832,0.2874,6.2252,2.7959
5_R_26,5,R,0.85,0.15,26,5.1,0.78,0.9,5.22,True,0.126173,48076,12.9389,1.8931,0.2771,6.2451,2.8752
5_R_27,5,R,0.85,0.15,27,5.1,0.78,0.9,5.22,True,0.091192,45996,12.6467,3.3035,0.2944,6.2018,2.7214
5_R_28,5,R,0.85,0.15,28,5.1,0.78,0.9,5.22,True,0.113726,57041,13.3109,4.8494,0.2819,6.1908,2.8053
5_R_29,5,R,0.85,0.15,29,5.1,0.78,0.9,5.22,True,0.105169,51867,13.2535,1.7343,0.2884,6.2864,2.8499
6_L_0,6,L,0.15,0.85,0,0.9,0.78,5.1,5.22,True,0.062354,26602,11.6035,2.6087,0.3058,6.1842,2.7555
6_L_1,6,L,0.15,0.85,1,0.9,0.78,5.1,5.22,True,0.281801,60448,14.6483,6.3351,0.2981,6.7006,3.0845
6_L_2,6,L,0.15,0.85,2,0.9,0.78,5.1,5.22,True,0.057215,20315,11.9977,0.0917,0.3028,6.4864,3.0217
6_L_3,6,L,0.15,0.85,3,0.9,0.78,5.1,5.22,True,0.149682,51691,13.8405,1.8619,0.2932,6.6001,3.0069
6_L_4,6,L,0.15,0.85,4,0.9,0.78,5.1,5.22,True,0.061853,25908,12.6092,0.1569,0.3142,6.6874,3.0746
6_L_5,6,L,0.15,0.85,5,0.9,0.78,5.1,5.22,True,0.206933,32113,12.9482,4.3722,0.2904,6.7321,3.0522
6_L_6,6,L,0.15,0.85,6,0.9,0.78,5.1,5.22,True,0.078069,36854,13.2942,0.285,0.316,6.6926,3.0939
6_L_7,6,L,0.15,0.85,7,0.9,0.78,5.1,5.22,True,0.113127,47172,12.7831,0.841,0.2769,6.2265,2.8227
6_L_8,6,L,0.15,0.85,8,0.9,0.78,5.1,5.22,True,0.132998,24217,11.3294,5.1063,0.2891,6.1897,2.6967
6_L_9,6,L,0.15,0.85,9,0.9,0.78,5.1,5.22,True,0.126499,49813,12.9668,2.12,0.2797,6.2609,2.8267
6_L_10,6,L,0.15,0.85,10,0.9,0.78,5.1,5.22,True,0.059437,20560,11.186,0.1047,0.2926,6.083,2.8026
6_L_11,6,L,0.15,0.85,11,0.9,0.78,5.1,5.22,True,0.206662,27526,12.1653,3.6524,0.2993,6.488,2.8973
6_L_12,6,L,0.15,0.85,12,0.9,0.78,5.1,5.22,True,0.063318,27520,12.3391,0.7604,0.3174,6.5216,2.9396
6_L_13,6,L,0.15,0.85,13,0.9,0.78,5.1,5.22,True,0.45216,38898,13.2135,10.8012,0.294,6.6467,3.0363
6_L_14,6,L,0.15,0.85,14,0.9,0.78,5.1,5.22,True,0.110914,52954,14.07,1.9864,0.3018,6.6461,3.0501
6_L_15,6,L,0.15,0.85,15,0.9,0.78,5.1,5.22,True,0.095731,44632,13.5066,0.4038,0.3047,6.6194,3.0254
6_L_16,6,L,0.15,0.85,16,0.9,0.78,5.1,5.22,True,0.070286,29285,12.6398,0.1258,0.3085,6.5669,3.059
6_L_17,6,L,0.15,0.85,17,0.9,0.78,5.1,5.22,True,0.061817,35093,13.0806,2.6591,0.3209,6.686,3.0063
6_L_18,6,L,0.15,0.85,18,0.9,0.78,5.1,5.22,True,0.136717,62290,15.2268,2.3923,0.3055,6.9264,3.1809
6_L_19,6,L,0.15,0.85,19,0.9,0.78,5.1,5.22,True,0.061702,28364,12.4599,0.4285,0.3128,6.5383,2.9719
6_L_20,6,L,0.15,0.85,20,0.9,0.78,5.1,5.22,True,0.313748,58325,13.5212,6.2303,0.2731,6.3013,2.8477
6_L_21,6,L,0.15,0.85,21,0.9,0.78,5.1,5.22,True,0.081306,43596,12.5736,0.7155,0.282,6.1738,2.8189
6_L_22,6,L,0.15,0.85,22,0.9,0.78,5.1,5.22,True,0.068143,28410,11.7393,0.2346,0.2908,6.1205,2.8258
6_L_23,6,L,0.15,0.85,23,0.9,0.78,5.1,5.22,True,0.099295,51102,13.0073,2.2864,0.2878,6.1769,2.8368
6_L_24,6,L,0.15,0.85,24,0.9,0.78,5.1,5.22,True,0.166915,59984,13.5377,5.243,0.2828,6.209,2.8494
6_L_25,6,L,0.15,0.85,25,0.9,0.78,5.1,5.22,True,0.2071,62152,13.7335,5.4287,0.2801,6.2131,2.8844
6_L_26,6,L,0.15,0.85,26,0.9,0.78,5.1,5.22,True,0.114813,41709,12.9898,1.4012,0.2956,6.425,2.9579
6_L_27,6,L,0.15,0.85,27,0.9,0.78,5.1,5.22,True,0.253753,56211,14.216,10.8397,0.304,6.5574,2.992
6_L_28,6,L,0.15,0.85,28,0.9,0.78,5.1,5.22,True,0.325592,43393,12.6344,8.954,0.2821,6.2582,2.739
6_L_29,6,L,0.15,0.85,29,0.9,0.78,5.1,5.22,False,,65136,14.8582,,0.2986,6.5768,3.0136
6_C_0,6,C,0.5,0.5,0,3.0,0.78,3.0,5.22,True,0.062193,11728,11.3757,0.1644,0.3107,6.4614,2.9806
6_C_1,6,C,0.5,0.5,1,3.0,0.78,3.0,5.22,True,0.041858,9612,10.9964,0.051,0.3024,6.3298,2.8781
6_C_2,6,C,0.5,0.5,2,3.0,0.78,3.0,5.22,True,0.045961,15507,11.0109,0.5417,0.3102,6.1884,2.7681
6_C_3,6,C,0.5,0.5,3,3.0,0.78,3.0,5.22,True,0.104786,30449,11.8498,1.318,0.2937,6.2001,2.8203
6_C_4,6,C,0.5,0.5,4,3.0,0.78,3.0,5.22,True,0.049792,11397,10.8651,0.2397,0.2975,6.2485,2.7907
6_C_5,6,C,0.5,0.5,5,3.0,0.78,3.0,5.22,True,0.045487,11482,10.8433,0.0748,0.2951,6.178,2.809
6_C_6,6,C,0.5,0.5,6,3.0,0.78,3.0,5.22,True,0.151529,39586,12.8252,2.512,0.2964,6.4104,2.9006
6_C_7,6,C,0.5,0.5,7,3.0,0.78,3.0,5.22,True,0.046861,13916,11.2212,0.0418,0.3013,6.3065,2.8984
6_C_8,6,C,0.5,0.5,8,3.0,0.78,3.0,5.22,True,0.101355,13462,11.0929,3.6003,0.2952,6.3038,2.8555
6_C_9,6,C,0.5,0.5,9,3.0,0.78,3.0,5.22,True,0.077915,28865,12.2667,1.1908,0.3087,6.4264,2.905
6_C_10,6,C,0.5,0.5,10,3.0,0.78,3.0,5.22,True,0.430512,53639,13.8985,5.8206,0.2911,6.5265,3.0152
6_C_11,6,C,0.5,0.5,11,3.0,0.78,3.0,5.22,True,0.050838,14090,11.4253,0.0498,0.3114,6.3941,2.9363
6_C_12,6,C,0.5,0.5,12,3.0,0.78,3.0,5.22,True,0.040589,9684,11.0856,0.0593,0.3027,6.3447,2.9298
6_C_13,6,C,0.5,0.5,13,3.0,0.78,3.0,5.22,False,,58008,13.8797,,0.2952,6.3041,2.8773
6_C_14,6,C,0.5,0.5,14,3.0,0.78,3.0,5.22,True,0.081064,30463,12.3802,3.3471,0.3101,6.4484,2.9265
6_C_15,6,C,0.5,0.5,15,3.0,0.78,3.0,5.22,True,0.078103,42950,12.5948,4.3519,0.2988,6.2161,2.7889
6_C_16,6,C,0.5,0.5,16,3.0,0.78,3.0,5.22,True,0.0402,9678,10.681,0.0199,0.2892,6.097,2.8361
6_C_17,6,C,0.5,0.5,17,3.0,0.78,3.0,5.22,True,0.046822,14950,11.196,0.7114,0.312,6.2937,2.8119
6_C_18,6,C,0.5,0.5,18,3.0,0.78,3.0,5.22,True,0.12142,38679,12.7668,2.459,0.2988,6.4104,2.8773
6_C_19,6,C,0.5,0.5,19,3.0,0.78,3.0,5.22,True,0.395571,64645,14.9351,8.695,0.3032,6.6725,3.085
6_C_20,6,C,0.5,0.5,20,3.0,0.78,3.0,5.22,True,0.125172,48226,13.7637,5.3172,0.3053,6.6691,2.9557
6_C_21,6,C,0.5,0.5,21,3.0,0.78,3.0,5.22,True,0.043654,9857,11.5634,0.2143,0.322,6.6967,2.9917
6_C_22,6,C,0.5,0.5,22,3.0,0.78,3.0,5.22,True,0.053961,13366,11.5402,0.1818,0.3087,6.5335,2.9532
6_C_23,6,C,0.5,0.5,23,3.0,0.78,3.0,5.22,True,0.090545,60127,14.5071,6.2989,0.302,6.6425,3.0054
6_C_24,6,C,0.5,0.5,24,3.0,0.78,3.0,5.22,True,0.171867,24150,11.7328,4.5555,0.2991,6.3923,2.7734
6_C_25,6,C,0.5,0.5,25,3.0,0.78,3.0,5.22,True,0.039855,9071,11.3242,0.0678,0.3097,6.5203,2.9952
6_C_26,6,C,0.5,0.5,26,3.0,0.78,3.0,5.22,True,0.17239,47294,13.4416,6.0095,0.293,6.5353,2.9423
6_C_27,6,C,0.5,0.5,27,3.0,0.78,3.0,5.22,True,0.061791,35078,12.7444,1.6357,0.3106,6.5943,2.8581
6_C_28,6,C,0.5,0.5,28,3.0,0.78,3.0,5.22,True,0.096881,23116,11.7434,0.6093,0.2954,6.4032,2.8281
6_C_29,6,C,0.5,0.5,29,3.0,0.78,3.0,5.22,True,0.352562,36497,12.6466,8.164,0.2798,6.4946,2.884
6_R_0,6,R,0.85,0.15,0,5.1,0.78,0.9,5.22,True,0.082026,36715,13.0873,2.9655,0.3145,6.6584,2.9607
6_R_1,6,R,0.85,0.15,1,5.1,0.78,0.9,5.22,True,0.156877,26606,11.9758,2.5175,0.2837,6.4021,2.9087
6_R_2,6,R,0.85,0.15,2,5.1,0.78,0.9,5.22,True,0.060815,23131,11.6562,0.1649,0.3045,6.2837,2.8321
6_R_3,6,R,0.85,0.15,3,5.1,0.78,0.9,5.22,True,0.213315,33355,12.3368,3.5846,0.2901,6.4143,2.84
6_R_4,6,R,0.85,0.15,4,5.1,0.78,0.9,5.22,True,0.179015,22868,11.4155,6.8588,0.2747,6.2828,2.7763
6_R_5,6,R,0.85,0.15,5,5.1,0.78,0.9,5.22,True,0.176441,32104,11.8175,6.1548,0.2789,6.2715,2.658
6_R_6,6,R,0.85,0.15,6,5.1,0.78,0.9,5.22,True,0.061011,30042,11.7488,0.4251,0.2929,6.1727,2.7469
6_R_7,6,R,0.85,0.15,7,5.1,0.78,0.9,5.22,True,0.154524,60450,13.6611,8.0484,0.2785,6.302,2.8418
6_R_8,6,R,0.85,0.15,8,5.1,0.78,0.9,5.22,True,0.090325,26760,11.6789,0.2868,0.2861,6.1754,2.8629
6_R_9,6,R,0.85,0.15,9,5.1,0.78,0.9,5.22,True,0.089212,47533,12.9815,0.6338,0.2881,6.3033,2.8537
6_R_10,6,R,0.85,0.15,10,5.1,0.78,0.9,5.22,True,0.09712,39957,12.6427,0.6025,0.2976,6.2691,2.8826
6_R_11,6,R,0.85,0.15,11,5.1,0.78,0.9,5.22,True,0.059453,23475,11.7029,0.1321,0.2927,6.2628,2.8909
6_R_12,6,R,0.85,0.15,12,5.1,0.78,0.9,5.22,True,0.135054,51655,13.4158,3.2834,0.2848,6.3721,2.9356
6_R_13,6,R,0.85,0.15,13,5.1,0.78,0.9,5.22,True,0.06893,32570,12.4149,1.1469,0.3051,6.4049,2.8871
6_R_14,6,R,0.85,0.15,14,5.1,0.78,0.9,5.22,True,0.120594,46893,14.4236,1.7364,0.3205,7.0118,3.1948
6_R_15,6,R,0.85,0.15,15,5.1,0.78,0.9,5.22,True,0.088139,23703,12.5492,0.5529,0.3134,6.7378,3.1141
6_R_16,6,R,0.85,0.15,16,5.1,0.78,0.9,5.22,True,0.073402,33074,13.0391,0.3999,0.3159,6.7332,3.0308
6_R_17,6,R,0.85,0.15,17,5.1,0.78,0.9,5.22,True,0.337775,67491,14.8179,12.7386,0.2995,6.5156,2.9853
6_R_18,6,R,0.85,0.15,18,5.1,0.78,0.9,5.22,True,0.086232,44013,13.0664,1.8906,0.2991,6.3877,2.9066
6_R_19,6,R,0.85,0.15,19,5.1,0.78,0.9,5.22,True,0.074274,33753,12.8691,0.3166,0.3082,6.5447,3.0378
6_R_20,6,R,0.85,0.15,20,5.1,0.78,0.9,5.22,True,0.13112,50992,13.8734,4.5275,0.2978,6.5926,3.0195
6_R_21,6,R,0.85,0.15,21,5.1,0.78,0.9,5.22,True,0.069701,25526,12.115,0.3101,0.3083,6.4821,2.9194
6_R_22,6,R,0.85,0.15,22,5.1,0.78,0.9,5.22,True,0.139669,62710,14.2375,5.2425,0.3002,6.4048,2.9697
6_R_23,6,R,0.85,0.15,23,5.1,0.78,0.9,5.22,True,0.168496,64937,14.3391,0.9702,0.2885,6.406,2.9702
6_R_24,6,R,0.85,0.15,24,5.1,0.78,0.9,5.22,True,0.593207,61641,14.2756,4.7141,0.2945,6.4522,3.0175
6_R_25,6,R,0.85,0.15,25,5.1,0.78,0.9,5.22,True,0.09455,45418,13.5147,1.1223,0.3029,6.5623,3.0065
6_R_26,6,R,0.85,0.15,26,5.1,0.78,0.9,5.22,True,0.138873,49708,13.632,2.3372,0.2948,6.5076,2.9599
6_R_27,6,R,0.85,0.15,27,5.1,0.78,0.9,5.22,True,0.153346,55094,14.0723,6.4078,0.2995,6.5553,3.0038
6_R_28,6,R,0.85,0.15,28,5.1,0.78,0.9,5.22,True,0.138945,51097,13.6857,2.5878,0.2943,6.5779,2.9023
6_R_29,6,R,0.85,0.15,29,5.1,0.78,0.9,5.22,True,0.116758,54172,14.0523,4.0527,0.2996,6.5624,3.0234
7_L_0,7,L,0.15,0.85,0,0.9,0.78,5.1,5.22,True,0.079876,29721,11.9618,1.9397,0.302,6.2762,2.8301
7_L_1,7,L,0.15,0.85,1,0.9,0.78,5.1,5.22,True,0.10645,50680,13.3059,2.91,0.2891,6.3241,2.894
7_L_2,7,L,0.15,0.85,2,0.9,0.78,5.1,5.22,True,0.089735,52666,13.1752,0.1427,0.2803,6.2499,2.8417
7_L_3,7,L,0.15,0.85,3,0.9,0.78,5.1,5.22,True,0.11743,53722,13.1819,0.9047,0.2809,6.2034,2.8652
7_L_4,7,L,0.15,0.85,4,0.9,0.78,5.1,5.22,True,0.115598,39350,12.1669,1.4222,0.2829,6.1751,2.6991
7_L_5,7,L,0.15,0.85,5,0.9,0.78,5.1,5.22,True,0.35024,20314,11.0621,10.0108,0.2671,6.0833,2.7507
7_L_6,7,L,0.15,0.85,6,0.9,0.78,5.1,5.22,True,0.065449,25543,11.1965,1.7673,0.2966,5.9715,2.6839
7_L_7,7,L,0.15,0.85,7,0.9,0.78,5.1,5.22,True,0.077716,43047,12.3798,0.8356,0.2842,6.0581,2.794
7_L_8,7,L,0.15,0.85,8,0.9,0.78,5.1,5.22,True,0.085296,23694,11.3971,0.2353,0.2786,6.0693,2.8286
7_L_9,7,L,0.15,0.85,9,0.9,0.78,5.1,5.22,True,0.15155,48508,12.773,1.5878,0.2798,6.1498,2.7955
7_L_10,7,L,0.15,0.85,10,0.9,0.78,5.1,5.22,True,0.060046,23558,11.447,0.6177,0.2983,6.1469,2.8067
7_L_11,7,L,0.15,0.85,11,0.9,0.78,5.1,5.22,True,0.136579,38926,12.1167,3.6095,0.2715,6.1007,2.7704
7_L_12,7,L,0.15,0.85,12,0.9,0.78,5.1,5.22,True,0.086977,51460,13.0228,3.7548,0.2906,6.1835,2.8138
7_L_13,7,L,0.15,0.85,13,0.9,0.78,5.1,5.22,True,0.190897,29363,11.6279,9.4684,0.2709,6.1796,2.7542
7_L_14,7,L,0.15,0.85,14,0.9,0.78,5.1,5.22,True,0.146008,48638,12.6704,2.8476,0.2756,6.1319,2.725
7_L_15,7,L,0.15,0.85,15,0.9,0.78,5.1,5.22,True,0.087829,27499,11.5568,0.2931,0.2886,6.0665,2.8001
7_L_16,7,L,0.15,0.85,16,0.9,0.78,5.1,5.22,False,,64620,13.9275,,0.2835,6.1887,2.8278
7_L_17,7,L,0.15,0.85,17,0.9,0.78,5.1,5.22,True,0.061895,36561,12.031,1.3199,0.2947,6.0678,2.761
7_L_18,7,L,0.15,0.85,18,0.9,0.78,5.1,5.22,True,0.192395,62119,13.737,4.4243,0.2793,6.2155,2.8692
7_L_19,7,L,0.15,0.85,19,0.9,0.78,5.1,5.22,True,0.071445,42999,12.8335,3.5759,0.3011,6.2986,2.86
7_L_20,7,L,0.15,0.85,20,0.9,0.78,5.1,5.22,True,0.147717,46747,13.0863,0.9031,0.2811,6.3182,2.942
7_L_21,7,L,0.15,0.85,21,0.9,0.78,5.1,5.22,True,0.087748,45546,12.9548,1.5849,0.2906,6.3047,2.8532
7_L_22,7,L,0.15,0.85,22,0.9,0.78,5.1,5.22,True,0.075413,41996,12.5729,0.0898,0.2876,6.167,2.8486
7_L_23,7,L,0.15,0.85,23,0.9,0.78,5.1,5.22,True,0.086036,37976,12.0553,1.3347,0.2868,6.0814,2.7408
7_L_24,7,L,0.15,0.85,24,0.9,0.78,5.1,5.22,False,,51566,12.9482,,0.2824,6.1119,2.7707
7_L_25,7,L,0.15,0.85,25,0.9,0.78,5.1,5.22,True,0.510216,63557,13.8153,10.4924,0.281,6.2291,2.8395
7_L_26,7,L,0.15,0.85,26,0.9,0.78,5.1,5.22,True,0.120143,41576,12.4787,2.4415,0.2853,6.1513,2.8268
7_L_27,7,L,0.15,0.85,27,0.9,0.78,5.1,5.22,True,0.712156,56773,13.6855,6.3106,0.2862,6.3265,2.9132
7_L_28,7,L,0.15,0.85,28,0.9,0.78,5.1,5.22,True,0.117541,42666,12.4903,1.4558,0.2796,6.1786,2.8207
7_L_29,7,L,0.15,0.85,29,0.9,0.78,5.1,5.22,True,0.112946,47476,12.2672,2.0034,0.2639,6.0058,2.6871
7_C_0,7,C,0.5,0.5,0,3.0,0.78,3.0,5.22,True,0.057694,12953,10.4427,0.3056,0.2751,5.9845,2.6516
7_C_1,7,C,0.5,0.5,1,3.0,0.78,3.0,5.22,True,0.045541,23005,11.5681,1.2075,0.3019,6.3626,2.7155
7_C_2,7,C,0.5,0.5,2,3.0,0.78,3.0,5.22,True,0.039524,7923,10.2743,0.0451,0.2761,5.9866,2.7086
7_C_3,7,C,0.5,0.5,3,3.0,0.78,3.0,5.22,True,0.12867,22077,11.0993,3.526,0.2825,6.1336,2.667
7_C_4,7,C,0.5,0.5,4,3.0,0.78,3.0,5.22,True,0.132016,46281,12.3321,8.2954,0.2727,6.1393,2.6086
7_C_5,7,C,0.5,0.5,5,3.0,0.78,3.0,5.22,True,0.098018,28871,11.4128,1.0054,0.2755,6.085,2.6655
7_C_6,7,C,0.5,0.5,6,3.0,0.78,3.0,5.22,True,0.270236,41607,12.1995,4.7652,0.2695,6.1582,2.729
7_C_7,7,C,0.5,0.5,7,3.0,0.78,3.0,5.22,True,0.040966,9829,10.1742,0.047,0.2722,5.8779,2.6558
7_C_8,7,C,0.5,0.5,8,3.0,0.78,3.0,5.22,False,,16820,10.491,,0.266,5.9986,2.5543
7_C_9,7,C,0.5,0.5,9,3.0,0.78,3.0,5.22,True,0.116981,30581,11.3699,0.6823,0.2671,6.0054,2.6765
7_C_10,7,C,0.5,0.5,10,3.0,0.78,3.0,5.22,True,0.584276,49883,12.5907,10.213,0.2624,6.0935,2.7599
7_C_11,7,C,0.5,0.5,11,3.0,0.78,3.0,5.22,True,0.243372,59872,12.9154,1.9442,0.2642,6.0664,2.6733
7_C_12,7,C,0.5,0.5,12,3.0,0.78,3.0,5.22,True,0.040362,10215,10.1485,0.0286,0.2702,5.8582,2.635
7_C_13,7,C,0.5,0.5,13,3.0,0.78,3.0,5.22,False,,56565,13.1598,,0.2783,6.1419,2.7182
7_C_14,7,C,0.5,0.5,14,3.0,0.78,3.0,5.22,True,0.098932,46045,12.5567,7.8702,0.2781,6.1857,2.7253
7_C_15,7,C,0.5,0.5,15,3.0,0.78,3.0,5.22,True,0.153147,55631,13.0419,3.0697,0.2694,6.2189,2.7419
7_C_16,7,C,0.5,0.5,16,3.0,0.78,3.0,5.22,True,0.041449,12554,10.0463,1.14,0.2838,5.8701,2.4316
7_C_17,7,C,0.5,0.5,17,3.0,0.78,3.0,5.22,True,0.042606,12305,10.5262,0.6778,0.2886,6.1654,2.5511
7_C_18,7,C,0.5,0.5,18,3.0,0.78,3.0,5.22,True,0.089809,29471,11.2811,2.1351,0.2756,6.0094,2.6195
7_C_19,7,C,0.5,0.5,19,3.0,0.78,3.0,5.22,False,,68959,13.8733,,0.2721,6.1803,2.7399
7_C_20,7,C,0.5,0.5,20,3.0,0.78,3.0,5.22,True,0.102287,35469,11.6384,1.6679,0.2743,6.0206,2.6403
7_C_21,7,C,0.5,0.5,21,3.0,0.78,3.0,5.22,True,0.049369,10932,10.1782,0.1629,0.2697,5.8885,2.6346
7_C_22,7,C,0.5,0.5,22,3.0,0.78,3.0,5.22,True,0.058071,14910,10.6419,0.4498,0.2837,6.0599,2.6271
7_C_23,7,C,0.5,0.5,23,3.0,0.78,3.0,5.22,True,0.075693,42661,11.8957,2.0813,0.2696,5.9814,2.5988
7_C_24,7,C,0.5,0.5,24,3.0,0.78,3.0,5.22,True,0.230294,26250,10.6287,5.6223,0.2575,5.7786,2.4665
7_C_25,7,C,0.5,0.5,25,3.0,0.78,3.0,5.22,True,0.042272,9489,10.4186,0.183,0.2841,6.0568,2.7043
7_C_26,7,C,0.5,0.5,26,3.0,0.78,3.0,5.22,True,0.530783,54198,12.6954,6.4347,0.2676,6.1157,2.6302
7_C_27,7,C,0.5,0.5,27,3.0,0.78,3.0,5.22,True,0.056718,14331,10.394,0.5008,0.2755,5.8758,2.6354
7_C_28,7,C,0.5,0.5,28,3.0,0.78,3.0,5.22,True,0.085906,17491,10.745,0.3419,0.273,6.0102,2.6969
7_C_29,7,C,0.5,0.5,29,3.0,0.78,3.0,5.22,True,0.8154,48571,12.1022,11.2039,0.2613,5.9514,2.5273
7_R_0,7,R,0.85,0.15,0,5.1,0.78,0.9,5.22,True,0.236624,12956,10.0717,8.408,0.2568,5.8574,2.5506
7_R_1,7,R,0.85,0.15,1,5.1,0.78,0.9,5.22,True,0.154381,35686,11.6329,3.1563,0.2667,6.0662,2.6552
7_R_2,7,R,0.85,0.15,2,5.1,0.78,0.9,5.22,True,0.059229,18263,10.9748,0.0532,0.275,6.1149,2.7326
7_R_3,7,R,0.85,0.15,3,5.1,0.78,0.9,5.22,True,0.168035,27568,11.0416,4.6501,0.256,5.9291,2.6406
7_R_4,7,R,0.85,0.15,4,5.1,0.78,0.9,5.22,True,0.203801,13275,10.1826,8.0677,0.2569,5.9757,2.5432
7_R_5,7,R,0.85,0.15,5,5.1,0.78,0.9,5.22,True,0.160822,27067,11.1149,1.0229,0.2678,5.959,2.665
7_R_6,7,R,0.85,0.15,6,5.1,0.78,0.9,5.22,True,0.059527,49713,12.4266,2.0081,0.2699,6.0348,2.7065
7_R_7,7,R,0.85,0.15,7,5.1,0.78,0.9,5.22,False,,63474,13.8777,,0.2818,6.3234,2.8102
7_R_8,7,R,0.85,0.15,8,5.1,0.78,0.9,5.22,True,0.107189,26341,11.0598,1.3163,0.2718,5.9229,2.6731
7_R_9,7,R,0.85,0.15,9,5.1,0.78,0.9,5.22,True,0.104748,43172,12.1316,0.3256,0.2686,6.0444,2.7095
7_R_10,7,R,0.85,0.15,10,5.1,0.78,0.9,5.22,True,0.129576,35823,11.5868,2.1647,0.2691,5.9562,2.6827
7_R_11,7,R,0.85,0.15,11,5.1,0.78,0.9,5.22,True,0.067262,25955,11.2165,0.9336,0.2817,6.0235,2.6731
7_R_12,7,R,0.85,0.15,12,5.1,0.78,0.9,5.22,True,0.114036,44583,12.0555,1.9411,0.2637,6.0107,2.6411
7_R_13,7,R,0.85,0.15,13,5.1,0.78,0.9,5.22,True,0.083841,40563,12.0085,1.6519,0.2742,6.0726,2.6744
7_R_14,7,R,0.85,0.15,14,5.1,0.78,0.9,5.22,True,0.087928,35017,11.467,1.3089,0.2717,5.9473,2.6148
7_R_15,7,R,0.85,0.15,15,5.1,0.78,0.9,5.22,True,0.179874,48415,14.0998,8.9958,0.3049,6.9277,3.0619
7_R_16,7,R,0.85,0.15,16,5.1,0.78,0.9,5.22,True,0.104163,43317,12.8365,1.3697,0.2953,6.397,2.8441
7_R_17,7,R,0.85,0.15,17,5.1,0.78,0.9,5.22,True,0.432712,62530,13.7706,6.0438,0.2777,6.4116,2.8033
7_R_18,7,R,0.85,0.15,18,5.1,0.78,0.9,5.22,True,0.754301,67505,14.2439,6.3867,0.2815,6.5016,2.8683
7_R_19,7,R,0.85,0.15,19,5.1,0.78,0.9,5.22,True,0.0648,30611,11.6144,0.1982,0.2936,6.1605,2.6612
7_R_20,7,R,0.85,0.15,20,5.1,0.78,0.9,5.22,True,0.202499,52892,13.0834,8.1382,0.2814,6.3192,2.7637
7_R_21,7,R,0.85,0.15,21,5.1,0.78,0.9,5.22,True,0.071862,27969,11.8447,1.0408,0.2948,6.356,2.7617
7_R_22,7,R,0.85,0.15,22,5.1,0.78,0.9,5.22,True,0.107099,57286,13.8961,5.7225,0.2888,6.5291,2.9252
7_R_23,7,R,0.85,0.15,23,5.1,0.78,0.9,5.22,True,0.353879,64633,13.5361,6.2922,0.2658,6.2114,2.7541
7_R_24,7,R,0.85,0.15,24,5.1,0.78,0.9,5.22,True,0.259836,59876,12.9778,6.2259,0.2618,6.0334,2.7284
7_R_25,7,R,0.85,0.15,25,5.1,0.78,0.9,5.22,True,0.078552,36483,12.0341,3.1302,0.2884,6.1878,2.7264
7_R_26,7,R,0.85,0.15,26,5.1,0.78,0.9,5.22,True,0.132162,34847,11.791,2.0938,0.2729,6.1468,2.6787
7_R_27,7,R,0.85,0.15,27,5.1,0.78,0.9,5.22,True,0.339504,59128,13.0364,10.6952,0.2631,6.0629,2.6843
7_R_28,7,R,0.85,0.15,28,5.1,0.78,0.9,5.22,True,0.158689,55306,12.8003,5.5366,0.2626,6.1682,2.65
7_R_29,7,R,0.85,0.15,29,5.1,0.78,0.9,5.22,True,0.122193,49824,12.3271,3.5898,0.2631,5.9957,2.6629
8_L_0,8,L,0.15,0.85,0,0.9,0.78,5.1,5.22,True,0.060834,25994,10.991,2.1748,0.2799,5.9229,2.6035
8_L_1,8,L,0.15,0.85,1,0.9,0.78,5.1,5.22,True,0.183694,59644,12.9719,2.7963,0.2602,6.078,2.7237
8_L_2,8,L,0.15,0.85,2,0.9,0.78,5.1,5.22,True,0.062175,20786,11.1596,0.0524,0.2776,6.1245,2.7629
8_L_3,8,L,0.15,0.85,3,0.9,0.78,5.1,5.22,True,0.090293,26653,10.9905,0.8821,0.2733,5.9052,2.5969
8_L_4,8,L,0.15,0.85,4,0.9,0.78,5.1,5.22,True,0.125533,36088,11.3897,2.1086,0.2644,5.9124,2.5823
8_L_5,8,L,0.15,0.85,5,0.9,0.78,5.1,5.22,True,0.192239,30703,11.202,5.3525,0.2605,5.9685,2.6128
8_L_6,8,L,0.15,0.85,6,0.9,0.78,5.1,5.22,True,0.177901,42161,11.8811,0.6447,0.2666,5.9393,2.6772
8_L_7,8,L,0.15,0.85,7,0.9,0.78,5.1,5.22,True,0.078984,29693,11.3827,0.3127,0.2714,6.0276,2.7036
8_L_8,8,L,0.15,0.85,8,0.9,0.78,5.1,5.22,True,0.535058,36869,11.5096,4.8207,0.2638,5.9505,2.61
8_L_9,8,L,0.15,0.85,9,0.9,0.78,5.1,5.22,True,0.143823,42326,11.9273,1.5518,0.2614,6.0326,2.6449
8_L_10,8,L,0.15,0.85,10,0.9,0.78,5.1,5.22,True,0.086412,25855,11.0833,0.4635,0.2656,5.9581,2.6927
8_L_11,8,L,0.15,0.85,11,0.9,0.78,5.1,5.22,True,0.236311,26155,11.2642,5.3345,0.2713,6.1819,2.6207
8_L_12,8,L,0.15,0.85,12,0.9,0.78,5.1,5.22,True,0.08204,36671,11.6215,0.2173,0.2648,5.9594,2.6638
8_L_13,8,L,0.15,0.85,13,0.9,0.78,5.1,5.22,True,0.195745,23159,10.79,8.0817,0.2588,5.9392,2.6273
8_L_14,8,L,0.15,0.85,14,0.9,0.78,5.1,5.22,True,0.112255,41899,11.8504,0.7715,0.2569,5.9622,2.6777
8_L_15,8,L,0.15,0.85,15,0.9,0.78,5.1,5.22,True,0.085114,30300,11.3012,0.3969,0.2637,5.9308,2.6889
8_L_16,8,L,0.15,0.85,16,0.9,0.78,5.1,5.22,False,,62213,13.2959,,0.271,6.0455,2.7203
8_L_17,8,L,0.15,0.85,17,0.9,0.78,5.1,5.22,True,0.750145,67538,13.8393,7.4566,0.269,6.2604,2.7939
8_L_18,8,L,0.15,0.85,18,0.9,0.78,5.1,5.22,True,0.693784,65367,13.758,7.8487,0.2692,6.3014,2.8072
8_L_19,8,L,0.15,0.85,19,0.9,0.78,5.1,5.22,True,0.066112,27463,11.4524,0.2901,0.2723,6.1123,2.7414
8_L_20,8,L,0.15,0.85,20,0.9,0.78,5.1,5.22,True,0.132303,44296,12.1571,0.9088,0.2614,6.1078,2.6785
8_L_21,8,L,0.15,0.85,21,0.9,0.78,5.1,5.22,True,0.094649,42974,12.3072,1.2205,0.2718,6.1634,2.7387
8_L_22,8,L,0.15,0.85,22,0.9,0.78,5.1,5.22,True,0.095476,42902,11.9659,1.2814,0.2697,6.0036,2.616
8_L_23,8,L,0.15,0.85,23,0.9,0.78,5.1,5.22,True,0.119851,50542,12.1477,1.8833,0.2592,5.8679,2.6472
8_L_24,8,L,0.15,0.85,24,0.9,0.78,5.1,5.22,True,0.196076,52958,12.4664,5.2456,0.2653,6.0101,2.6368
8_L_25,8,L,0.15,0.85,25,0.9,0.78,5.1,5.22,True,0.149872,50134,12.8425,1.463,0.2695,6.2708,2.7655
8_L_26,8,L,0.15,0.85,26,0.9,0.78,5.1,5.22,True,0.123656,43515,12.046,1.4246,0.2638,6.0165,2.6877
8_L_27,8,L,0.15,0.85,27,0.9,0.78,5.1,5.22,True,0.646966,60946,13.1054,8.4323,0.2654,6.0523,2.7388
8_L_28,8,L,0.15,0.85,28,0.9,0.78,5.1,5.22,True,0.130368,41055,11.8067,2.6168,0.2665,5.9599,2.6554
8_L_29,8,L,0.15,0.85,29,0.9,0.78,5.1,5.22,True,0.076527,36278,11.7888,0.0721,0.2713,6.0554,2.7116
8_C_0,8,C,0.5,0.5,0,3.0,0.78,3.0,5.22,True,0.060798,14526,10.5052,0.0676,0.2777,5.9572,2.6714
8_C_1,8,C,0.5,0.5,1,3.0,0.78,3.0,5.22,True,0.040721,8873,10.0218,0.0286,0.2656,5.8679,2.5927
8_C_2,8,C,0.5,0.5,2,3.0,0.78,3.0,5.22,True,0.049111,19547,10.7246,0.8618,0.286,6.023,2.5932
8_C_3,8,C,0.5,0.5,3,3.0,0.78,3.0,5.22,True,0.204361,38605,11.8918,4.1936,0.2662,6.1357,2.6376
8_C_4,8,C,0.5,0.5,4,3.0,0.78,3.0,5.22,True,0.175311,34976,11.6653,4.161,0.2708,6.1689,2.584
8_C_5,8,C,0.5,0.5,5,3.0,0.78,3.0,5.22,True,0.669057,60588,13.1154,5.5824,0.2582,6.1878,2.7062
8_C_6,8,C,0.5,0.5,6,3.0,0.78,3.0,5.22,True,0.120226,32251,11.4275,2.1245,0.2663,6.0588,2.5902
8_C_7,8,C,0.5,0.5,7,3.0,0.78,3.0,5.22,True,0.041409,11599,10.4675,0.2527,0.2817,6.0357,2.6648
8_C_8,8,C,0.5,0.5,8,3.0,0.78,3.0,5.22,True,0.087396,17600,10.6189,1.3804,0.2701,5.9825,2.6158
8_C_9,8,C,0.5,0.5,9,3.0,0.78,3.0,5.22,True,0.093414,21915,10.633,1.1768,0.2694,5.8083,2.6077
8_C_10,8,C,0.5,0.5,10,3.0,0.78,3.0,5.22,True,0.692659,37928,11.9679,10.8551,0.2655,6.1083,2.6969
8_C_11,8,C,0.5,0.5,11,3.0,0.78,3.0,5.22,True,0.051472,18809,10.4641,1.1782,0.2887,5.9031,2.4624
8_C_12,8,C,0.5,0.5,12,3.0,0.78,3.0,5.22,True,0.040112,8428,10.4556,0.0298,0.2815,6.1254,2.7275
8_C_13,8,C,0.5,0.5,13,3.0,0.78,3.0,5.22,False,,55240,12.9574,,0.2729,6.1607,2.6696
8_C_14,8,C,0.5,0.5,14,3.0,0.78,3.0,5.22,True,0.084894,37511,11.3871,5.2265,0.2713,5.8199,2.5634
8_C_15,8,C,0.5,0.5,15,3.0,0.78,3.0,5.22,True,0.16326,51050,12.4313,2.4946,0.2664,5.9756,2.7089
8_C_16,8,C,0.5,0.5,16,3.0,0.78,3.0,5.22,True,0.040988,11434,10.1356,0.0981,0.2715,5.8155,2.6215
8_C_17,8,C,0.5,0.5,17,3.0,0.78,3.0,5.22,True,0.043423,12027,10.0768,1.0297,0.283,5.8499,2.4958
8_C_18,8,C,0.5,0.5,18,3.0,0.78,3.0,5.22,True,0.118497,25957,10.9145,1.3631,0.2611,5.8862,2.6052
8_C_19,8,C,0.5,0.5,19,3.0,0.78,3.0,5.22,True,0.676008,65004,13.2902,7.2734,0.2611,6.0757,2.7154
8_C_20,8,C,0.5,0.5,20,3.0,0.78,3.0,5.22,True,0.20895,43409,11.6788,3.737,0.2605,5.8574,2.5608
8_C_21,8,C,0.5,0.5,21,3.0,0.78,3.0,5.22,True,0.061111,18421,10.5455,2.1715,0.2809,5.9268,2.5565
8_C_22,8,C,0.5,0.5,22,3.0,0.78,3.0,5.22,True,0.07805,25949,11.3792,0.6672,0.2777,6.1328,2.7124
8_C_23,8,C,0.5,0.5,23,3.0,0.78,3.0,5.22,True,0.065891,17860,10.6706,0.5917,0.2785,6.0156,2.5977
8_C_24,8,C,0.5,0.5,24,3.0,0.78,3.0,5.22,True,0.154448,23804,10.6992,1.6691,0.2669,5.9339,2.5024
8_C_25,8,C,0.5,0.5,25,3.0,0.78,3.0,5.22,True,0.043876,9404,10.0689,0.0216,0.2717,5.8655,2.6072
8_C_26,8,C,0.5,0.5,26,3.0,0.78,3.0,5.22,True,0.159117,45991,11.8892,5.3017,0.2638,5.9131,2.5716
8_C_27,8,C,0.5,0.5,27,3.0,0.78,3.0,5.22,True,0.061399,12944,10.4803,0.2078,0.28,5.9839,2.6835
8_C_28,8,C,0.5,0.5,28,3.0,0.78,3.0,5.22,True,0.08863,13655,10.1775,0.5455,0.2658,5.8071,2.5957
8_C_29,8,C,0.5,0.5,29,3.0,0.78,3.0,5.22,True,0.278937,43504,11.9183,7.2448,0.261,5.972,2.6428
8_R_0,8,R,0.85,0.15,0,5.1,0.78,0.9,5.22,True,0.22326,21668,10.6678,7.1925,0.2543,5.9146,2.6412
8_R_1,8,R,0.85,0.15,1,5.1,0.78,0.9,5.22,True,0.092887,27595,10.9262,0.8055,0.267,5.8512,2.6081
8_R_2,8,R,0.85,0.15,2,5.1,0.78,0.9,5.22,True,0.070396,38598,11.8398,0.951,0.282,6.0017,2.6873
8_R_3,8,R,0.85,0.15,3,5.1,0.78,0.9,5.22,True,0.134056,36810,11.6552,1.1832,0.2616,6.0263,2.6615
8_R_4,8,R,0.85,0.15,4,5.1,0.78,0.9,5.22,True,0.169277,28903,11.5786,4.3867,0.2669,6.1927,2.7609
8_R_5,8,R,0.85,0.15,5,5.1,0.78,0.9,5.22,True,0.148729,30607,11.3457,2.1362,0.262,6.0328,2.6619
8_R_6,8,R,0.85,0.15,6,5.1,0.78,0.9,5.22,True,0.082909,51307,12.2295,4.8169,0.2702,5.8869,2.6351
8_R_7,8,R,0.85,0.15,7,5.1,0.78,0.9,5.22,True,0.408941,62485,13.244,5.8003,0.2633,6.1084,2.7533
8_R_8,8,R,0.85,0.15,8,5.1,0.78,0.9,5.22,True,0.112289,28129,11.4681,2.5653,0.2726,6.1363,2.7313
8_R_9,8,R,0.85,0.15,9,5.1,0.78,0.9,5.22,True,0.219313,60941,13.1637,9.4369,0.2631,6.1737,2.687
8_R_10,8,R,0.85,0.15,10,5.1,0.78,0.9,5.22,True,0.1754,37085,11.524,2.411,0.26,5.9895,2.5821
8_R_11,8,R,0.85,0.15,11,5.1,0.78,0.9,5.22,True,0.092042,43111,12.3517,0.9769,0.2752,6.1979,2.7143
8_R_12,8,R,0.85,0.15,12,5.1,0.78,0.9,5.22,True,0.198943,49521,12.3239,4.0697,0.2594,6.024,2.6934
8_R_13,8,R,0.85,0.15,13,5.1,0.78,0.9,5.22,True,0.098152,37806,11.5981,0.5462,0.2584,5.9534,2.6391
8_R_14,8,R,0.85,0.15,14,5.1,0.78,0.9,5.22,True,0.141049,45369,12.0907,3.679,0.2594,6.089,2.6039
8_R_15,8,R,0.85,0.15,15,5.1,0.78,0.9,5.22,True,0.095181,26988,10.9211,0.2768,0.2588,5.855,2.6253
8_R_16,8,R,0.85,0.15,16,5.1,0.78,0.9,5.22,True,0.066636,34037,11.5955,2.8552,0.2784,6.0727,2.6089
8_R_17,8,R,0.85,0.15,17,5.1,0.78,0.9,5.22,True,0.10896,65840,13.7762,13.4465,0.275,6.278,2.7157
8_R_18,8,R,0.85,0.15,18,5.1,0.78,0.9,5.22,True,0.083616,47527,12.1907,1.3599,0.2669,6.0088,2.6301
8_R_19,8,R,0.85,0.15,19,5.1,0.78,0.9,5.22,True,0.071523,33763,11.8203,0.1534,0.2816,6.0719,2.7788
8_R_20,8,R,0.85,0.15,20,5.1,0.78,0.9,5.22,True,0.136312,26833,11.4017,2.0547,0.2747,6.1316,2.7227
8_R_21,8,R,0.85,0.15,21,5.1,0.78,0.9,5.22,True,0.093158,49491,12.5156,3.624,0.2709,6.1039,2.6843
8_R_22,8,R,0.85,0.15,22,5.1,0.78,0.9,5.22,True,0.094735,50578,12.3316,3.6766,0.2657,5.9587,2.6657
8_R_23,8,R,0.85,0.15,23,5.1,0.78,0.9,5.22,True,0.215377,48729,12.1933,1.7845,0.2669,5.9447,2.6316
8_R_24,8,R,0.85,0.15,24,5.1,0.78,0.9,5.22,True,0.119395,56924,12.5916,4.1146,0.2621,5.897,2.7018
8_R_25,8,R,0.85,0.15,25,5.1,0.78,0.9,5.22,True,0.124365,34051,11.2515,1.4085,0.2639,5.8412,2.6138
8_R_26,8,R,0.85,0.15,26,5.1,0.78,0.9,5.22,True,0.159944,43370,12.0701,2.9301,0.264,6.0736,2.6511
8_R_27,8,R,0.85,0.15,27,5.1,0.78,0.9,5.22,True,0.482857,59973,13.0527,5.4938,0.2607,6.1412,2.7002
8_R_28,8,R,0.85,0.15,28,5.1,0.78,0.9,5.22,True,0.158611,48988,12.4855,3.4112,0.265,6.1795,2.6534
8_R_29,8,R,0.85,0.15,29,5.1,0.78,0.9,5.22,True,0.093339,41212,12.063,0.2779,0.2698,6.1206,2.6745
9_L_0,9,L,0.15,0.85,0,0.9,0.78,5.1,5.22,True,0.08207,30334,11.2169,2.9844,0.2685,5.9878,2.5915
9_L_1,9,L,0.15,0.85,1,0.9,0.78,5.1,5.22,True,0.138815,25785,10.9054,2.3472,0.2593,5.943,2.5752
9_L_2,9,L,0.15,0.85,2,0.9,0.78,5.1,5.22,True,0.066007,23716,11.0155,0.2814,0.2732,5.9573,2.6919
9_L_3,9,L,0.15,0.85,3,0.9,0.78,5.1,5.22,True,0.097399,27427,12.0569,1.9254,0.3067,6.5367,2.7795
9_L_4,9,L,0.15,0.85,4,0.9,0.78,5.1,5.22,True,0.145834,36249,11.6044,6.3112,0.2703,6.0909,2.5228
9_L_5,9,L,0.15,0.85,5,0.9,0.78,5.1,5.22,True,0.179522,22132,11.0115,8.4748,0.2619,6.2408,2.5497
9_L_6,9,L,0.15,0.85,6,0.9,0.78,5.1,5.22,True,0.092861,24028,10.9891,1.0915,0.2709,5.9504,2.689
9_L_7,9,L,0.15,0.85,7,0.9,0.78,5.1,5.22,True,0.09717,39454,11.7321,1.181,0.2628,6.0088,2.6328
9_L_8,9,L,0.15,0.85,8,0.9,0.78,5.1,5.22,True,0.148656,49144,12.5842,3.8032,0.2682,6.174,2.7321
9_L_9,9,L,0.15,0.85,9,0.9,0.78,5.1,5.22,True,0.163,43950,12.3812,4.2248,0.2696,6.2242,2.7154
9_L_10,9,L,0.15,0.85,10,0.9,0.78,5.1,5.22,True,0.161362,42729,11.8878,3.7782,0.2592,6.0261,2.6091
9_L_11,9,L,0.15,0.85,11,0.9,0.78,5.1,5.22,True,0.217242,38367,11.7963,3.2986,0.2637,6.0595,2.6827
9_L_12,9,L,0.15,0.85,12,0.9,0.78,5.1,5.22,True,0.128807,36091,11.9829,2.1313,0.2752,6.1955,2.7451
9_L_13,9,L,0.15,0.85,13,0.9,0.78,5.1,5.22,False,,26977,11.2674,,0.2588,6.0698,2.7058
9_L_14,9,L,0.15,0.85,14,0.9,0.78,5.1,5.22,True,0.285886,28480,11.3605,5.8658,0.2648,6.0821,2.7281
9_L_15,9,L,0.15,0.85,15,0.9,0.78,5.1,5.22,True,0.093219,27040,11.2979,0.4437,0.2774,6.026,2.7259
9_L_16,9,L,0.15,0.85,16,0.9,0.78,5.1,5.22,False,,61934,13.655,,0.2788,6.2364,2.793
9_L_17,9,L,0.15,0.85,17,0.9,0.78,5.1,5.22,True,0.067601,48839,12.589,8.775,0.2776,6.1147,2.699
9_L_18,9,L,0.15,0.85,18,0.9,0.78,5.1,5.22,False,,4773,9.7408,,0.264,5.8664,2.6122
9_L_19,9,L,0.15,0.85,19,0.9,0.78,5.1,5.22,True,0.066412,28914,11.3135,0.078,0.2702,5.9782,2.7096
9_L_20,9,L,0.15,0.85,20,0.9,0.78,5.1,5.22,False,,55439,12.9194,,0.2649,6.079,2.7193
9_L_21,9,L,0.15,0.85,21,0.9,0.78,5.1,5.22,True,0.081717,45758,12.2473,2.7884,0.2736,5.9913,2.7208
9_L_22,9,L,0.15,0.85,22,0.9,0.78,5.1,5.22,True,0.107706,37665,11.9275,0.7766,0.2788,6.0379,2.7462
9_L_23,9,L,0.15,0.85,23,0.9,0.78,5.1,5.22,True,0.106622,37038,11.6131,3.0155,0.2735,5.9502,2.649
9_L_24,9,L,0.15,0.85,24,0.9,0.78,5.1,5.22,True,0.316543,36765,11.5316,4.1573,0.2655,5.9847,2.5764
9_L_25,9,L,0.15,0.85,25,0.9,0.78,5.1,5.22,True,0.764297,41533,11.783,9.4691,0.2532,5.9899,2.634
9_L_26,9,L,0.15,0.85,26,0.9,0.78,5.1,5.22,True,0.121798,38262,11.6487,1.802,0.266,5.9431,2.6473
9_L_27,9,L,0.15,0.85,27,0.9,0.78,5.1,5.22,False,,45385,12.1456,,0.2686,5.9979,2.5938
9_L_28,9,L,0.15,0.85,28,0.9,0.78,5.1,5.22,True,0.110671,39241,11.7898,1.4256,0.2686,5.9921,2.6652
9_L_29,9,L,0.15,0.85,29,0.9,0.78,5.1,5.22,False,,59527,13.3126,,0.2715,6.1661,2.7547
9_C_0,9,C,0.5,0.5,0,3.0,0.78,3.0,5.22,True,0.078235,22145,10.7102,1.1906,0.2729,5.9196,2.5619
9_C_1,9,C,0.5,0.5,1,3.0,0.78,3.0,5.22,True,0.279547,31101,11.0934,2.6797,0.26,5.8587,2.615
9_C_2,9,C,0.5,0.5,2,3.0,0.78,3.0,5.22,True,0.057643,16605,10.341,0.6388,0.2764,5.8555,2.5097
9_C_3,9,C,0.5,0.5,3,3.0,0.78,3.0,5.22,True,0.173233,32869,11.3748,3.9517,0.2722,5.9358,2.6501
9_C_4,9,C,0.5,0.5,4,3.0,0.78,3.0,5.22,True,0.129606,41452,11.79,2.4072,0.2674,5.9896,2.6004
9_C_5,9,C,0.5,0.5,5,3.0,0.78,3.0,5.22,True,0.170919,37942,11.66,3.4148,0.2656,6.0096,2.5992
9_C_6,9,C,0.5,0.5,6,3.0,0.78,3.0,5.22,True,0.127174,26856,11.337,1.2615,0.277,6.1922,2.5988
9_C_7,9,C,0.5,0.5,7,3.0,0.78,3.0,5.22,True,0.040908,9435,10.1041,0.0295,0.2644,5.9328,2.5808
9_C_8,9,C,0.5,0.5,8,3.0,0.78,3.0,5.22,True,0.171927,30356,11.3979,5.4057,0.2738,6.1632,2.522
9_C_9,9,C,0.5,0.5,9,3.0,0.78,3.0,5.22,True,0.240379,27271,11.2253,9.4426,0.262,6.1389,2.5668
9_C_10,9,C,0.5,0.5,10,3.0,0.78,3.0,5.22,True,0.232133,24362,10.7166,2.7482,0.2621,5.9214,2.5253
9_C_11,9,C,0.5,0.5,11,3.0,0.78,3.0,5.22,True,0.077682,16563,10.4968,0.2387,0.2719,5.9358,2.6032
9_C_12,9,C,0.5,0.5,12,3.0,0.78,3.0,5.22,True,0.042525,10967,10.341,0.0328,0.2717,6.0054,2.6521
9_C_13,9,C,0.5,0.5,13,3.0,0.78,3.0,5.22,False,,56084,13.1045,,0.2741,6.1449,2.7536
9_C_14,9,C,0.5,0.5,14,3.0,0.78,3.0,5.22,True,0.094175,48342,12.2049,9.3185,0.2656,5.9703,2.6227
9_C_15,9,C,0.5,0.5,15,3.0,0.78,3.0,5.22,True,0.191978,53397,12.5519,4.7475,0.267,5.9698,2.7065
9_C_16,9,C,0.5,0.5,16,3.0,0.78,3.0,5.22,True,0.048016,11873,10.3238,0.0444,0.2743,5.925,2.6366
9_C_17,9,C,0.5,0.5,17,3.0,0.78,3.0,5.22,True,0.048192,14940,10.4556,0.0753,0.2789,5.8683,2.6667
9_C_18,9,C,0.5,0.5,18,3.0,0.78,3.0,5.22,True,0.180159,33210,11.3514,1.1455,0.2591,5.9547,2.6218
9_C_19,9,C,0.5,0.5,19,3.0,0.78,3.0,5.22,True,0.105623,43183,11.9071,5.2805,0.2707,5.9637,2.6076
9_C_20,9,C,0.5,0.5,20,3.0,0.78,3.0,5.22,True,0.152537,42089,11.7349,2.249,0.2603,5.9331,2.5933
9_C_21,9,C,0.5,0.5,21,3.0,0.78,3.0,5.22,True,0.066392,16974,10.4454,0.3379,0.2645,5.8328,2.6366
9_C_22,9,C,0.5,0.5,22,3.0,0.78,3.0,5.22,True,0.097825,22457,10.7175,1.2793,0.2636,5.8669,2.6105
9_C_23,9,C,0.5,0.5,23,3.0,0.78,3.0,5.22,True,0.189322,56538,12.62,1.5749,0.2593,5.9732,2.6597
9_C_24,9,C,0.5,0.5,24,3.0,0.78,3.0,5.22,True,0.378048,29642,11.0744,9.5041,0.2548,5.9035,2.5804
9_C_25,9,C,0.5,0.5,25,3.0,0.78,3.0,5.22,True,0.03987,7832,10.4956,0.1026,0.2806,6.1826,2.7282
9_C_26,9,C,0.5,0.5,26,3.0,0.78,3.0,5.22,True,0.138329,33296,11.3356,4.6193,0.2666,5.9605,2.5384
9_C_27,9,C,0.5,0.5,27,3.0,0.78,3.0,5.22,True,0.131592,33056,11.7044,4.8079,0.2703,6.173,2.661
9_C_28,9,C,0.5,0.5,28,3.0,0.78,3.0,5.22,True,0.069203,12615,10.4082,0.3402,0.2775,6.0064,2.629
9_C_29,9,C,0.5,0.5,29,3.0,0.78,3.0,5.22,False,,45664,12.1256,,0.2612,5.9476,2.6749
9_R_0,9,R,0.85,0.15,0,5.1,0.78,0.9,5.22,False,,18025,10.3802,,0.2575,5.8932,2.4867
9_R_1,9,R,0.85,0.15,1,5.1,0.78,0.9,5.22,True,0.177774,30834,11.4016,2.6055,0.2693,5.9926,2.703
9_R_2,9,R,0.85,0.15,2,5.1,0.78,0.9,5.22,True,0.060517,21636,10.768,0.1143,0.2732,5.8413,2.6742
9_R_3,9,R,0.85,0.15,3,5.1,0.78,0.9,5.22,True,0.138041,25700,10.8578,1.0465,0.2665,5.8544,2.6165
9_R_4,9,R,0.85,0.15,4,5.1,0.78,0.9,5.22,False,,23897,10.7827,,0.2529,5.9028,2.6391
9_R_5,9,R,0.85,0.15,5,5.1,0.78,0.9,5.22,True,0.184775,33943,11.4172,2.842,0.2599,6.001,2.6069
9_R_6,9,R,0.85,0.15,6,5.1,0.78,0.9,5.22,True,0.061443,24431,10.8447,0.1731,0.2675,5.8459,2.6365
9_R_7,9,R,0.85,0.15,7,5.1,0.78,0.9,5.22,True,0.224659,58160,12.9163,11.3103,0.2652,6.0964,2.6299
9_R_8,9,R,0.85,0.15,8,5.1,0.78,0.9,5.22,True,0.180468,43928,12.111,6.2708,0.2733,6.0385,2.6816
9_R_9,9,R,0.85,0.15,9,5.1,0.78,0.9,5.22,True,0.205752,56118,12.6573,2.9582,0.2568,6.0181,2.7107
9_R_10,9,R,0.85,0.15,10,5.1,0.78,0.9,5.22,True,0.156717,34411,11.2915,3.7352,0.2625,5.8547,2.5841
9_R_11,9,R,0.85,0.15,11,5.1,0.78,0.9,5.22,True,0.139446,55902,12.713,4.957,0.2658,6.0071,2.684
9_R_12,9,R,0.85,0.15,12,5.1,0.78,0.9,5.22,True,0.140333,49949,12.4526,1.3442,0.2652,6.0628,2.6897
9_R_13,9,R,0.85,0.15,13,5.1,0.78,0.9,5.22,True,0.102024,28972,11.125,1.5049,0.2718,5.9083,2.6561
9_R_14,9,R,0.85,0.15,14,5.1,0.78,0.9,5.22,True,0.106439,39092,11.7209,2.2595,0.2668,5.9502,2.6899
9_R_15,9,R,0.85,0.15,15,5.1,0.78,0.9,5.22,True,0.074189,21146,10.6357,1.1386,0.2721,5.8901,2.5765
9_R_16,9,R,0.85,0.15,16,5.1,0.78,0.9,5.22,True,0.096404,50972,12.6438,3.3318,0.2695,6.124,2.7115
9_R_17,9,R,0.85,0.15,17,5.1,0.78,0.9,5.22,True,0.546793,64106,13.7499,4.0282,0.2766,6.3157,2.8161
9_R_18,9,R,0.85,0.15,18,5.1,0.78,0.9,5.22,True,0.073295,28496,11.0479,2.5956,0.2742,5.9382,2.5569
9_R_19,9,R,0.85,0.15,19,5.1,0.78,0.9,5.22,True,0.118416,55741,13.0026,5.5716,0.2702,6.192,2.7287
9_R_20,9,R,0.85,0.15,20,5.1,0.78,0.9,5.22,True,0.134181,44510,12.5699,2.5539,0.2752,6.3029,2.7699
9_R_21,9,R,0.85,0.15,21,5.1,0.78,0.9,5.22,True,0.077824,51204,12.6469,0.9114,0.2693,6.1275,2.7238
9_R_22,9,R,0.85,0.15,22,5.1,0.78,0.9,5.22,True,0.528189,57572,12.9581,9.957,0.2673,6.1582,2.6291
9_R_23,9,R,0.85,0.15,23,5.1,0.78,0.9,5.22,True,0.280741,53717,12.6501,1.7324,0.2629,6.0996,2.6557
9_R_24,9,R,0.85,0.15,24,5.1,0.78,0.9,5.22,True,0.162713,53140,12.6449,4.7911,0.2675,6.0556,2.7106
9_R_25,9,R,0.85,0.15,25,5.1,0.78,0.9,5.22,True,0.269887,51189,12.3964,2.9849,0.263,5.9941,2.6881
9_R_26,9,R,0.85,0.15,26,5.1,0.78,0.9,5.22,True,0.150816,46809,12.0437,3.4634,0.2614,5.9682,2.6083
9_R_27,9,R,0.85,0.15,27,5.1,0.78,0.9,5.22,True,0.16003,52571,12.4856,5.7384,0.2657,6.0604,2.6435
9_R_28,9,R,0.85,0.15,28,5.1,0.78,0.9,5.22,True,0.198151,47003,12.5603,4.8745,0.2722,6.2647,2.6468
9_R_29,9,R,0.85,0.15,29,5.1,0.78,0.9,5.22,True,0.08003,32670,11.6192,0.5236,0.274,6.1134,2.6767
