x,y,theta,v_b,omega,t
7.500000000000001110e-01,-4.008581039226121712e-21,1.570796326794896780e+00,-1.494314699095181879e-21,2.670408696878929959e-21,0.000000000000000000e+00
7.492855907262939708e-01,6.213419641868544313e-02,1.593762485590136446e+00,9.033186736079325263e-02,3.333405245578157511e-02,1.000000000000000000e+00
7.485722180886393851e-01,8.777604879742678667e-02,1.603540903544007579e+00,1.126626196642433464e-01,4.384365297687200375e-02,1.250000000000000000e+00
7.469973643228104976e-01,1.244010662110157373e-01,1.627274627113290517e+00,7.611251749687246437e-02,7.012496062262074670e-02,1.649999999999999911e+00
7.327140500028177517e-01,2.539152678684090669e-01,1.734105723922947373e+00,1.668288047528544704e-01,1.408183112166987716e-01,2.600000000000000089e+00
7.208382198398806118e-01,3.176176838403412250e-01,1.770794083656289208e+00,1.584993132747158084e-01,5.534346420222886059e-02,3.000000000000000000e+00
6.997197209042707033e-01,4.142786938542290520e-01,1.799676800695314771e+00,1.945422360795916461e-01,5.103083643766621186e-02,3.549999999999999822e+00
6.613715940892805900e-01,5.665410916950630593e-01,1.833836943473479808e+00,2.431260019643093351e-01,4.793329941919642623e-02,4.250000000000000000e+00
6.482940079385172139e-01,6.139231064370145319e-01,1.847971146932398279e+00,1.586892495340958831e-01,6.295702473968035895e-02,4.500000000000000000e+00
6.295921817276121102e-01,6.783003882858229527e-01,1.853287460726964042e+00,1.728460822765939542e-01,-2.361652954914064337e-02,4.900000000000000355e+00
5.765581901580242308e-01,8.543208574406845335e-01,1.885176177020766453e+00,2.191850243946859289e-01,6.695158189762333290e-02,5.800000000000000711e+00
5.591298608621926292e-01,9.069589798508417289e-01,1.892571255001617381e+00,1.568265724968098407e-01,-8.396792050770308241e-03,6.100000000000000533e+00
5.155953975183588112e-01,1.041239696481442101e+00,1.873670723841957653e+00,2.295347961989209762e-01,-3.902617898951248748e-02,6.800000000000000711e+00
4.748997966742664056e-01,1.170377376888861676e+00,1.888773237536335303e+00,2.205482589769137969e-01,6.626574467050612427e-02,7.400000000000000355e+00
4.481549077967905137e-01,1.249706062660094430e+00,1.898516423157552646e+00,2.001339847836077490e-01,-6.646645335532083525e-03,7.800000000000000711e+00
4.195163866146854326e-01,1.336168614519280373e+00,1.877244988557638772e+00,1.682932426324025565e-01,-6.692133663629934448e-02,8.300000000000000711e+00
3.976773269504320640e-01,1.408826763652120340e+00,1.848656585361983185e+00,2.059843123814264765e-01,-7.575816803899328156e-02,8.700000000000001066e+00
3.478872527487133492e-01,1.656464848450957428e+00,1.666290489308027034e+00,2.970884430924479735e-01,-2.838354034611652588e-01,9.650000000000000355e+00
3.435243307420960956e-01,1.787867018509310180e+00,1.542750999357266117e+00,2.390653513164824051e-01,-2.169586749869113484e-01,1.015000000000000036e+01
3.504126795629716740e-01,1.882582098667683335e+00,1.452870750768489261e+00,1.296772667626424624e-01,-1.231929220652756701e-01,1.070000000000000107e+01
3.612013970818173103e-01,1.955199204080826147e+00,1.398101617795782348e+00,1.184765300983335462e-01,-7.050149488329733594e-02,1.130000000000000071e+01
3.746673863033637142e-01,2.024408365096793005e+00,1.360280897268995925e+00,1.171083595844626818e-01,-5.831020534247844528e-02,1.190000000000000036e+01
4.190307800124785653e-01,2.195430355534051081e+00,1.272125486619248846e+00,2.220815921242110802e-01,-1.180961377621712605e-01,1.284999999999999964e+01
4.737858750377654249e-01,2.349411097388656611e+00,1.186957841081004217e+00,1.943229271786029722e-01,-9.809670231098963078e-02,1.365000000000000036e+01
5.276802132106942489e-01,2.470740998791387977e+00,1.118366605561792460e+00,1.671090844784428875e-01,-8.645186214924027723e-02,1.440000000000000036e+01
5.618170012978777050e-01,2.537804907316364655e+00,1.082689286333116785e+00,1.174945973539552324e-01,-5.041227963144929297e-02,1.495000000000000107e+01
5.913532034493819145e-01,2.591786142213849065e+00,1.058113285198269304e+00,1.083235464353795446e-01,-4.089405521617198863e-02,1.550000000000000178e+01
6.051177599967023646e-01,2.615941755133539104e+00,1.047600296322117819e+00,8.054126821497750721e-02,-3.042752763636520641e-02,1.580000000000000249e+01
7.166498592730248252e-01,2.791775890355843615e+00,9.596970669374136342e-01,2.760095792135275894e-01,-1.314880122885188907e-01,1.680000000000000426e+01
8.086199878743339786e-01,2.912168159087482611e+00,8.729436634934284456e-01,2.053862815129023078e-01,-1.320852672384893456e-01,1.745000000000000284e+01
8.863412395135507049e-01,2.998037000270716401e+00,7.971394024617464158e-01,1.850105021994271626e-01,-1.214882349053180433e-01,1.805000000000000426e+01
1.081791934476152628e+00,3.158068718131130215e+00,5.530441518018787139e-01,2.881177806693885346e-01,-3.436627188740549732e-01,1.905000000000000426e+01
1.290788576365041074e+00,3.255343052163182094e+00,3.348234639411504787e-01,2.637948089669576723e-01,-2.005534407535620733e-01,1.990000000000000568e+01
1.492183994373761813e+00,3.309290311901684323e+00,1.934490444543301435e-01,2.596110887532227518e-01,-1.608236302830182152e-01,2.070000000000000639e+01
1.597944943830318820e+00,3.326876621754366159e+00,1.408779149243614970e-01,1.837242211783035872e-01,-6.556780889365274034e-02,2.120000000000000639e+01
1.667033657859414930e+00,3.335960603918654677e+00,1.225647763766281595e-01,1.672169118409974897e-01,-3.128206589638778123e-02,2.160000000000000497e+01
1.736274955426903466e+00,3.344039653619302221e+00,1.098662835926499382e-01,1.461935195234445872e-01,-2.595426857987784622e-02,2.205000000000000426e+01
1.981885676564417054e+00,3.366717893707498632e+00,7.486126628955258600e-02,3.013866653052454381e-01,-4.290927675992279450e-02,2.305000000000000426e+01
2.253597873494976422e+00,3.382318124532706971e+00,4.105131840306722874e-02,3.030773454323822946e-01,-3.462001337574682758e-02,2.395000000000000284e+01
2.431966353106812750e+00,3.388813607549391538e+00,3.653234455790443230e-02,2.252719696402438465e-01,1.008473571991164684e-02,2.465000000000000213e+01
2.592751088296970430e+00,3.394562748219509540e+00,3.186438165924506544e-02,2.079618092556530518e-01,-1.533621678359203822e-02,2.540000000000000213e+01
2.677130250913404286e+00,3.397014890051028413e+00,2.657218053652749337e-02,1.423197266747736611e-01,-7.180076311569294316e-03,2.590000000000000213e+01
2.724577533489020098e+00,3.398224802956538060e+00,2.454052473830296843e-02,1.015863289347897075e-01,-3.540057332805859359e-03,2.630000000000000071e+01
2.775622567393376094e+00,3.399440946022824317e+00,2.324041574826158155e-02,8.722031624356510471e-02,-1.598936170915076166e-03,2.685000000000000142e+01
2.800000000000000266e+00,3.400000000000000355e+00,2.246090975332115658e-02,2.419610175253189208e-02,-1.528226471162316127e-03,2.735000000000000142e+01
